order_id,order_date,product_id,amount,category,sub_category
B-26055,3/10/2018,FUR_CHA_001,5729,Furniture,Chairs
B-26055,3/10/2018,ELE_PHO_001,671,Electronics,Phones
B-26055,3/10/2018,CLO_SAR_001,443,Clothing,Saree
B-26055,3/10/2018,CLO_SHI_001,57,Clothing,Shirt
B-26055,3/10/2018,CLO_STO_001,227,Clothing,Stole
B-26055,3/10/2018,CLO_SHI_002,213,Clothing,Shirt
B-26055,3/10/2018,CLO_T-S_001,94,Clothing,T-shirt
B-26055,3/10/2018,ELE_PRI_001,1250,Electronics,Printers
B-26055,3/10/2018,FUR_BOO_001,1218,Furniture,Bookcases
B-25993,2/3/2018,ELE_PRI_002,610,Electronics,Printers
B-25993,2/3/2018,ELE_PHO_002,414,Electronics,Phones
B-25993,2/3/2018,CLO_STO_002,44,Clothing,Stole
B-25993,2/3/2018,ELE_PRI_003,173,Electronics,Printers
B-25993,2/3/2018,FUR_FUR_001,221,Furniture,Furnishings
B-25993,2/3/2018,FUR_FUR_002,201,Furniture,Furnishings
B-25993,2/3/2018,FUR_TAB_001,4363,Furniture,Tables
B-25973,1/24/2018,CLO_HAN_001,398,Clothing,Hankerchief
B-25973,1/24/2018,CLO_SHI_003,79,Clothing,Shirt
B-25973,1/24/2018,CLO_LEG_001,39,Clothing,Leggings
B-25973,1/24/2018,CLO_STO_003,571,Clothing,Stole
B-25973,1/24/2018,ELE_PRI_004,4141,Electronics,Printers
B-25923,12/27/2018,ELE_PHO_003,3873,Electronics,Phones
B-25923,12/27/2018,CLO_TRO_001,253,Clothing,Trousers
B-25923,12/27/2018,ELE_ACC_001,226,Electronics,Accessories
B-25923,12/27/2018,ELE_PRI_005,484,Electronics,Printers
B-25757,8/21/2018,CLO_SKI_001,17,Clothing,Skirt
B-25757,8/21/2018,CLO_SKI_002,46,Clothing,Skirt
B-25757,8/21/2018,CLO_STO_004,211,Clothing,Stole
B-25757,8/21/2018,CLO_STO_005,165,Clothing,Stole
B-25757,8/21/2018,CLO_T-S_002,34,Clothing,T-shirt
B-25757,8/21/2018,FUR_FUR_003,98,Furniture,Furnishings
B-25757,8/21/2018,CLO_HAN_002,106,Clothing,Hankerchief
B-25757,8/21/2018,CLO_STO_006,53,Clothing,Stole
B-25757,8/21/2018,CLO_HAN_003,14,Clothing,Hankerchief
B-25757,8/21/2018,CLO_HAN_004,17,Clothing,Hankerchief
B-25757,8/21/2018,CLO_TRO_002,3151,Clothing,Trousers
B-25967,1/21/2018,CLO_SKI_003,17,Clothing,Skirt
B-25967,1/21/2018,FUR_FUR_004,119,Furniture,Furnishings
B-25967,1/21/2018,CLO_SAR_002,229,Clothing,Saree
B-25955,1/16/2018,FUR_BOO_002,2927,Furniture,Bookcases
B-25955,1/16/2018,CLO_SAR_003,39,Clothing,Saree
B-25955,1/16/2018,CLO_T-S_003,54,Clothing,T-shirt
B-25955,1/16/2018,CLO_T-S_004,294,Clothing,T-shirt
B-25955,1/16/2018,CLO_STO_007,110,Clothing,Stole
B-25955,1/16/2018,ELE_PHO_004,200,Electronics,Phones
B-25955,1/16/2018,CLO_SKI_004,45,Clothing,Skirt
B-25955,1/16/2018,ELE_PRI_006,954,Electronics,Printers
B-25955,1/16/2018,ELE_ACC_002,1716,Electronics,Accessories
B-26093,3/27/2018,ELE_PRI_007,2847,Electronics,Printers
B-26093,3/27/2018,FUR_BOO_003,852,Furniture,Bookcases
B-26093,3/27/2018,CLO_SAR_004,148,Clothing,Saree
B-26093,3/27/2018,CLO_LEG_002,81,Clothing,Leggings
B-26093,3/27/2018,CLO_HAN_005,49,Clothing,Hankerchief
B-26093,3/27/2018,CLO_SAR_005,33,Clothing,Saree
B-26093,3/27/2018,ELE_ACC_003,492,Electronics,Accessories
B-25798,10/1/2018,ELE_PRI_008,448,Electronics,Printers
B-25798,10/1/2018,CLO_HAN_006,61,Clothing,Hankerchief
B-25798,10/1/2018,CLO_STO_008,47,Clothing,Stole
B-25798,10/1/2018,CLO_SAR_006,379,Clothing,Saree
B-25798,10/1/2018,CLO_STO_009,38,Clothing,Stole
B-25798,10/1/2018,FUR_BOO_004,2830,Furniture,Bookcases
B-25602,4/1/2018,ELE_PHO_005,2617,Electronics,Phones
B-25602,4/1/2018,CLO_SAR_007,561,Clothing,Saree
B-25602,4/1/2018,ELE_PHO_006,424,Electronics,Phones
B-25602,4/1/2018,ELE_PHO_007,168,Electronics,Phones
B-25602,4/1/2018,CLO_SAR_008,119,Clothing,Saree
B-25858,11/13/2018,CLO_SKI_005,29,Clothing,Skirt
B-25858,11/13/2018,CLO_SAR_009,245,Clothing,Saree
B-25858,11/13/2018,FUR_BOO_005,223,Furniture,Bookcases
B-25858,11/13/2018,CLO_SAR_010,219,Clothing,Saree
B-25858,11/13/2018,ELE_ACC_004,294,Electronics,Accessories
B-25858,11/13/2018,CLO_SHI_004,82,Clothing,Shirt
B-25858,11/13/2018,CLO_SKI_006,27,Clothing,Skirt
B-25858,11/13/2018,CLO_HAN_007,22,Clothing,Hankerchief
B-25858,11/13/2018,ELE_ELE_001,2457,Electronics,Electronic Games
B-25969,1/21/2018,CLO_T-S_005,171,Clothing,T-shirt
B-25969,1/21/2018,ELE_PRI_009,720,Electronics,Printers
B-25969,1/21/2018,FUR_BOO_006,2452,Furniture,Bookcases
B-26099,3/30/2018,CLO_HAN_008,207,Clothing,Hankerchief
B-26099,3/30/2018,ELE_PHO_008,835,Electronics,Phones
B-26099,3/30/2018,CLO_TRO_003,2366,Clothing,Trousers
B-26099,3/30/2018,CLO_SKI_007,9,Clothing,Skirt
B-25997,2/4/2018,ELE_ELE_002,231,Electronics,Electronic Games
B-25997,2/4/2018,CLO_HAN_009,48,Clothing,Hankerchief
B-25997,2/4/2018,CLO_HAN_010,16,Clothing,Hankerchief
B-25997,2/4/2018,FUR_BOO_007,2292,Furniture,Bookcases
B-25881,11/25/2018,CLO_TRO_004,2244,Clothing,Trousers
B-25881,11/25/2018,CLO_HAN_011,37,Clothing,Hankerchief
B-25881,11/25/2018,CLO_LEG_003,36,Clothing,Leggings
B-25881,11/25/2018,CLO_LEG_004,26,Clothing,Leggings
B-25881,11/25/2018,ELE_ELE_003,1351,Electronics,Electronic Games
B-25881,11/25/2018,FUR_CHA_002,2115,Furniture,Chairs
B-25761,8/25/2018,FUR_BOO_008,2188,Furniture,Bookcases
B-25761,8/25/2018,ELE_PHO_009,418,Electronics,Phones
B-25761,8/25/2018,CLO_SAR_011,102,Clothing,Saree
B-25761,8/25/2018,ELE_ELE_004,263,Electronics,Electronic Games
B-25761,8/25/2018,ELE_ELE_005,328,Electronics,Electronic Games
B-25761,8/25/2018,CLO_SAR_012,40,Clothing,Saree
B-25887,12/1/2018,ELE_PRI_010,2125,Electronics,Printers
B-25887,12/1/2018,CLO_SHI_005,83,Clothing,Shirt
B-25823,10/18/2018,ELE_ACC_005,59,Electronics,Accessories
B-25823,10/18/2018,FUR_FUR_005,103,Furniture,Furnishings
B-25823,10/18/2018,FUR_FUR_006,104,Furniture,Furnishings
B-25823,10/18/2018,ELE_ELE_006,2103,Electronics,Electronic Games
B-25853,11/8/2018,FUR_CHA_003,2093,Furniture,Chairs
B-25853,11/8/2018,CLO_SKI_008,39,Clothing,Skirt
B-25853,11/8/2018,CLO_STO_010,199,Clothing,Stole
B-25853,11/8/2018,CLO_HAN_012,26,Clothing,Hankerchief
B-25853,11/8/2018,CLO_HAN_013,30,Clothing,Hankerchief
B-25853,11/8/2018,CLO_SAR_013,128,Clothing,Saree
B-25853,11/8/2018,FUR_FUR_007,95,Furniture,Furnishings
B-25853,11/8/2018,CLO_SAR_014,199,Clothing,Saree
B-25853,11/8/2018,ELE_PRI_011,579,Electronics,Printers
B-25862,11/15/2018,CLO_STO_011,121,Clothing,Stole
B-25862,11/15/2018,CLO_STO_012,80,Clothing,Stole
B-25862,11/15/2018,FUR_BOO_009,2061,Furniture,Bookcases
B-25830,10/26/2018,ELE_PHO_010,1954,Electronics,Phones
B-25830,10/26/2018,ELE_ACC_006,93,Electronics,Accessories
B-25830,10/26/2018,CLO_SKI_009,71,Clothing,Skirt
B-25830,10/26/2018,CLO_SAR_015,54,Clothing,Saree
B-25830,10/26/2018,CLO_HAN_014,41,Clothing,Hankerchief
B-25830,10/26/2018,ELE_PHO_011,1063,Electronics,Phones
B-25786,9/19/2018,FUR_BOO_010,1854,Furniture,Bookcases
B-25786,9/19/2018,FUR_TAB_002,623,Furniture,Tables
B-25786,9/19/2018,CLO_STO_013,44,Clothing,Stole
B-25786,9/19/2018,CLO_SKI_010,17,Clothing,Skirt
B-25686,6/11/2018,FUR_TAB_003,1829,Furniture,Tables
B-25686,6/11/2018,CLO_SAR_016,381,Clothing,Saree
B-25686,6/11/2018,ELE_PRI_012,332,Electronics,Printers
B-26022,2/18/2018,ELE_PHO_012,1824,Electronics,Phones
B-26003,2/8/2018,FUR_TAB_004,1745,Furniture,Tables
B-26003,2/8/2018,CLO_SAR_017,498,Clothing,Saree
B-26003,2/8/2018,FUR_CHA_004,315,Furniture,Chairs
B-26003,2/8/2018,CLO_T-S_006,79,Clothing,T-shirt
B-26003,2/8/2018,CLO_HAN_015,128,Clothing,Hankerchief
B-26003,2/8/2018,FUR_FUR_008,114,Furniture,Furnishings
B-26003,2/8/2018,FUR_FUR_009,652,Furniture,Furnishings
B-26003,2/8/2018,CLO_SKI_011,17,Clothing,Skirt
B-25755,8/19/2018,CLO_TRO_005,1709,Clothing,Trousers
B-25755,8/19/2018,FUR_CHA_005,134,Furniture,Chairs
B-25755,8/19/2018,CLO_STO_014,47,Clothing,Stole
B-25755,8/19/2018,FUR_BOO_011,257,Furniture,Bookcases
B-25755,8/19/2018,CLO_STO_015,80,Clothing,Stole
B-25755,8/19/2018,CLO_SAR_018,26,Clothing,Saree
B-25755,8/19/2018,CLO_SAR_019,37,Clothing,Saree
B-25755,8/19/2018,FUR_BOO_012,593,Furniture,Bookcases
B-25755,8/19/2018,CLO_SAR_020,321,Clothing,Saree
B-25902,12/10/2018,FUR_BOO_013,268,Furniture,Bookcases
B-25902,12/10/2018,CLO_SAR_021,79,Clothing,Saree
B-25902,12/10/2018,ELE_ACC_007,154,Electronics,Accessories
B-25902,12/10/2018,CLO_TRO_006,1700,Clothing,Trousers
B-25902,12/10/2018,ELE_ACC_008,802,Electronics,Accessories
B-25935,1/4/2018,FUR_CHA_006,1657,Furniture,Chairs
B-25935,1/4/2018,FUR_CHA_007,162,Furniture,Chairs
B-25935,1/4/2018,CLO_HAN_016,150,Clothing,Hankerchief
B-25797,9/30/2018,FUR_TAB_005,1630,Furniture,Tables
B-25797,9/30/2018,FUR_CHA_008,413,Furniture,Chairs
B-25797,9/30/2018,CLO_HAN_017,31,Clothing,Hankerchief
B-25797,9/30/2018,FUR_BOO_014,148,Furniture,Bookcases
B-25797,9/30/2018,CLO_SAR_022,89,Clothing,Saree
B-25797,9/30/2018,ELE_ACC_009,976,Electronics,Accessories
B-25639,4/27/2018,ELE_PHO_013,1629,Electronics,Phones
B-25681,6/4/2018,ELE_ELE_007,1096,Electronics,Electronic Games
B-25681,6/4/2018,ELE_PHO_014,1625,Electronics,Phones
B-25681,6/4/2018,CLO_TRO_007,523,Clothing,Trousers
B-25681,6/4/2018,CLO_SAR_023,44,Clothing,Saree
B-25681,6/4/2018,FUR_CHA_009,243,Furniture,Chairs
B-25681,6/4/2018,ELE_ACC_010,68,Electronics,Accessories
B-25909,12/13/2018,ELE_PHO_015,1622,Electronics,Phones
B-25909,12/13/2018,ELE_ACC_011,108,Electronics,Accessories
B-25909,12/13/2018,ELE_PHO_016,323,Electronics,Phones
B-25909,12/13/2018,CLO_SAR_024,168,Clothing,Saree
B-25909,12/13/2018,CLO_SKI_012,12,Clothing,Skirt
B-25910,12/14/2018,FUR_TAB_006,1622,Furniture,Tables
B-25910,12/14/2018,CLO_HAN_018,259,Clothing,Hankerchief
B-25910,12/14/2018,CLO_TRO_008,685,Clothing,Trousers
B-25910,12/14/2018,CLO_SHI_006,125,Clothing,Shirt
B-25910,12/14/2018,CLO_SHI_007,33,Clothing,Shirt
B-25910,12/14/2018,ELE_ELE_008,850,Electronics,Electronic Games
B-25950,1/13/2018,ELE_PRI_013,1622,Electronics,Printers
B-25950,1/13/2018,ELE_PRI_014,644,Electronics,Printers
B-25950,1/13/2018,CLO_SAR_025,136,Clothing,Saree
B-25950,1/13/2018,CLO_SHI_008,261,Clothing,Shirt
B-25950,1/13/2018,FUR_FUR_010,190,Furniture,Furnishings
B-25950,1/13/2018,CLO_STO_016,133,Clothing,Stole
B-25950,1/13/2018,CLO_HAN_019,158,Clothing,Hankerchief
B-25950,1/13/2018,CLO_STO_017,54,Clothing,Stole
B-25950,1/13/2018,CLO_LEG_005,13,Clothing,Leggings
B-25613,4/12/2018,CLO_SAR_026,1603,Clothing,Saree
B-25919,12/23/2018,CLO_STO_018,110,Clothing,Stole
B-25919,12/23/2018,ELE_ELE_009,1599,Electronics,Electronic Games
B-25919,12/23/2018,CLO_T-S_007,28,Clothing,T-shirt
B-25919,12/23/2018,ELE_PRI_015,636,Electronics,Printers
B-25919,12/23/2018,ELE_PHO_017,977,Electronics,Phones
B-25768,9/1/2018,CLO_TRO_009,1582,Clothing,Trousers
B-25629,4/24/2018,CLO_TRO_010,1560,Clothing,Trousers
B-25729,7/22/2018,ELE_PHO_018,1549,Electronics,Phones
B-25943,1/9/2018,ELE_ACC_012,1547,Electronics,Accessories
B-25943,1/9/2018,CLO_STO_019,48,Clothing,Stole
B-25943,1/9/2018,CLO_HAN_020,137,Clothing,Hankerchief
B-25943,1/9/2018,CLO_SAR_027,149,Clothing,Saree
B-25943,1/9/2018,CLO_HAN_021,26,Clothing,Hankerchief
B-25842,11/2/2018,ELE_PRI_016,1543,Electronics,Printers
B-26073,3/21/2018,CLO_HAN_022,37,Clothing,Hankerchief
B-26073,3/21/2018,CLO_HAN_023,122,Clothing,Hankerchief
B-26073,3/21/2018,CLO_STO_020,290,Clothing,Stole
B-26073,3/21/2018,CLO_SAR_028,29,Clothing,Saree
B-26073,3/21/2018,ELE_PRI_017,1514,Electronics,Printers
B-25778,9/11/2018,ELE_PRI_018,1506,Electronics,Printers
B-25778,9/11/2018,CLO_SAR_029,933,Clothing,Saree
B-25778,9/11/2018,CLO_SAR_030,109,Clothing,Saree
B-25778,9/11/2018,ELE_ELE_010,724,Electronics,Electronic Games
B-25717,7/12/2018,CLO_SAR_031,561,Clothing,Saree
B-25717,7/12/2018,CLO_SAR_032,138,Clothing,Saree
B-25717,7/12/2018,CLO_SHI_009,90,Clothing,Shirt
B-25717,7/12/2018,FUR_CHA_010,55,Furniture,Chairs
B-26085,3/26/2018,CLO_TRO_011,1487,Clothing,Trousers
B-26085,3/26/2018,CLO_SAR_033,132,Clothing,Saree
B-26085,3/26/2018,CLO_SAR_034,86,Clothing,Saree
B-26085,3/26/2018,CLO_STO_021,40,Clothing,Stole
B-26048,3/4/2018,FUR_TAB_007,1461,Furniture,Tables
B-26048,3/4/2018,FUR_CHA_011,401,Furniture,Chairs
B-26048,3/4/2018,ELE_ACC_013,163,Electronics,Accessories
B-26048,3/4/2018,CLO_TRO_012,1104,Clothing,Trousers
B-25793,9/24/2018,CLO_HAN_024,60,Clothing,Hankerchief
B-25793,9/24/2018,CLO_SAR_035,257,Clothing,Saree
B-25793,9/24/2018,CLO_KUR_001,63,Clothing,Kurti
B-25793,9/24/2018,CLO_HAN_025,40,Clothing,Hankerchief
B-25793,9/24/2018,CLO_SKI_013,24,Clothing,Skirt
B-25793,9/24/2018,CLO_HAN_026,18,Clothing,Hankerchief
B-25793,9/24/2018,CLO_SAR_036,1402,Clothing,Saree
B-25656,5/11/2018,CLO_HAN_027,24,Clothing,Hankerchief
B-25656,5/11/2018,CLO_HAN_028,6,Clothing,Hankerchief
B-25656,5/11/2018,CLO_STO_022,30,Clothing,Stole
B-25656,5/11/2018,CLO_SAR_037,406,Clothing,Saree
B-25656,5/11/2018,CLO_HAN_029,56,Clothing,Hankerchief
B-25656,5/11/2018,CLO_SKI_014,101,Clothing,Skirt
B-25656,5/11/2018,CLO_SAR_038,61,Clothing,Saree
B-25656,5/11/2018,CLO_SAR_039,534,Clothing,Saree
B-25656,5/11/2018,ELE_ELE_011,624,Electronics,Electronic Games
B-25656,5/11/2018,ELE_PRI_019,651,Electronics,Printers
B-25656,5/11/2018,CLO_HAN_030,13,Clothing,Hankerchief
B-25656,5/11/2018,CLO_SAR_040,1389,Clothing,Saree
B-25608,4/8/2018,FUR_TAB_008,1364,Furniture,Tables
B-25608,4/8/2018,FUR_CHA_012,476,Furniture,Chairs
B-25608,4/8/2018,CLO_HAN_031,257,Clothing,Hankerchief
B-25608,4/8/2018,ELE_PRI_020,856,Electronics,Printers
B-25752,8/14/2018,ELE_ELE_012,761,Electronics,Electronic Games
B-25752,8/14/2018,ELE_PRI_021,735,Electronics,Printers
B-25752,8/14/2018,CLO_STO_023,76,Clothing,Stole
B-25752,8/14/2018,CLO_T-S_008,91,Clothing,T-shirt
B-25752,8/14/2018,FUR_CHA_013,33,Furniture,Chairs
B-25752,8/14/2018,FUR_BOO_015,1361,Furniture,Bookcases
B-25752,8/14/2018,CLO_HAN_032,8,Clothing,Hankerchief
B-25779,9/12/2018,FUR_TAB_009,1361,Furniture,Tables
B-25603,4/3/2018,CLO_HAN_033,12,Clothing,Hankerchief
B-25603,4/3/2018,CLO_STO_024,107,Clothing,Stole
B-25603,4/3/2018,CLO_STO_025,116,Clothing,Stole
B-25603,4/3/2018,CLO_TRO_013,180,Clothing,Trousers
B-25603,4/3/2018,CLO_SAR_041,193,Clothing,Saree
B-25603,4/3/2018,CLO_KUR_002,38,Clothing,Kurti
B-25603,4/3/2018,FUR_CHA_014,24,Furniture,Chairs
B-25603,4/3/2018,CLO_TRO_014,1355,Clothing,Trousers
B-26051,3/7/2018,ELE_PRI_022,1337,Electronics,Printers
B-26051,3/7/2018,ELE_ACC_014,490,Electronics,Accessories
B-26051,3/7/2018,CLO_SAR_042,382,Clothing,Saree
B-26051,3/7/2018,CLO_STO_026,216,Clothing,Stole
B-26051,3/7/2018,CLO_HAN_034,85,Clothing,Hankerchief
B-26051,3/7/2018,CLO_STO_027,80,Clothing,Stole
B-26051,3/7/2018,FUR_BOO_016,669,Furniture,Bookcases
B-26051,3/7/2018,CLO_T-S_009,184,Clothing,T-shirt
B-26051,3/7/2018,ELE_ELE_013,600,Electronics,Electronic Games
B-26051,3/7/2018,FUR_BOO_017,676,Furniture,Bookcases
B-25653,5/8/2018,ELE_PRI_023,1279,Electronics,Printers
B-25653,5/8/2018,ELE_PRI_024,668,Electronics,Printers
B-25653,5/8/2018,ELE_PHO_019,427,Electronics,Phones
B-25653,5/8/2018,ELE_PHO_020,195,Electronics,Phones
B-25653,5/8/2018,ELE_ACC_015,115,Electronics,Accessories
B-25653,5/8/2018,ELE_ACC_016,168,Electronics,Accessories
B-25653,5/8/2018,ELE_ACC_017,227,Electronics,Accessories
B-25653,5/8/2018,CLO_SAR_043,28,Clothing,Saree
B-25653,5/8/2018,FUR_CHA_015,1327,Furniture,Chairs
B-25855,11/8/2018,ELE_PRI_025,829,Electronics,Printers
B-25855,11/8/2018,CLO_HAN_035,90,Clothing,Hankerchief
B-25855,11/8/2018,CLO_HAN_036,98,Clothing,Hankerchief
B-25855,11/8/2018,FUR_BOO_018,197,Furniture,Bookcases
B-25855,11/8/2018,CLO_HAN_037,61,Clothing,Hankerchief
B-25855,11/8/2018,ELE_ELE_014,442,Electronics,Electronic Games
B-25855,11/8/2018,FUR_FUR_011,550,Furniture,Furnishings
B-25855,11/8/2018,ELE_PRI_026,1319,Electronics,Printers
B-25855,11/8/2018,CLO_SAR_044,1027,Clothing,Saree
B-25762,8/26/2018,ELE_ELE_015,1316,Electronics,Electronic Games
B-25762,8/26/2018,CLO_SAR_045,98,Clothing,Saree
B-25762,8/26/2018,CLO_SKI_015,27,Clothing,Skirt
B-25995,2/4/2018,FUR_BOO_019,1314,Furniture,Bookcases
B-25929,1/2/2018,FUR_BOO_020,1308,Furniture,Bookcases
B-25929,1/2/2018,FUR_CHA_016,216,Furniture,Chairs
B-25929,1/2/2018,FUR_CHA_017,154,Furniture,Chairs
B-26006,2/9/2018,ELE_ACC_018,1301,Electronics,Accessories
B-25697,6/22/2018,ELE_PRI_027,1300,Electronics,Printers
B-25697,6/22/2018,CLO_TRO_015,115,Clothing,Trousers
B-25697,6/22/2018,ELE_ACC_019,114,Electronics,Accessories
B-25697,6/22/2018,ELE_PHO_021,73,Electronics,Phones
B-25697,6/22/2018,CLO_STO_028,67,Clothing,Stole
B-25697,6/22/2018,ELE_PRI_028,322,Electronics,Printers
B-25697,6/22/2018,CLO_SKI_016,4,Clothing,Skirt
B-25836,10/29/2018,ELE_PRI_029,1298,Electronics,Printers
B-25601,4/1/2018,ELE_ELE_016,80,Electronics,Electronic Games
B-25601,4/1/2018,CLO_STO_029,66,Clothing,Stole
B-25601,4/1/2018,FUR_BOO_021,1275,Furniture,Bookcases
B-25601,4/1/2018,CLO_HAN_038,8,Clothing,Hankerchief
B-25873,11/23/2018,CLO_KUR_003,42,Clothing,Kurti
B-25873,11/23/2018,ELE_PHO_022,1275,Electronics,Phones
B-25873,11/23/2018,CLO_STO_030,66,Clothing,Stole
B-25873,11/23/2018,ELE_ELE_017,367,Electronics,Electronic Games
B-25873,11/23/2018,CLO_HAN_039,7,Clothing,Hankerchief
B-26028,2/20/2018,ELE_PHO_023,1272,Electronics,Phones
B-26028,2/20/2018,ELE_ACC_020,115,Electronics,Accessories
B-26028,2/20/2018,CLO_SHI_010,77,Clothing,Shirt
B-25964,1/20/2018,FUR_CHA_018,346,Furniture,Chairs
B-25964,1/20/2018,CLO_STO_031,199,Clothing,Stole
B-25964,1/20/2018,CLO_SAR_046,89,Clothing,Saree
B-25964,1/20/2018,ELE_ELE_018,1270,Electronics,Electronic Games
B-25676,6/1/2018,FUR_TAB_010,674,Furniture,Tables
B-25676,6/1/2018,ELE_ELE_019,342,Electronics,Electronic Games
B-25676,6/1/2018,CLO_SHI_011,79,Clothing,Shirt
B-25676,6/1/2018,CLO_SHI_012,32,Clothing,Shirt
B-25676,6/1/2018,CLO_TRO_016,1263,Clothing,Trousers
B-25839,10/30/2018,CLO_SAR_047,1250,Clothing,Saree
B-25894,12/4/2018,FUR_BOO_022,1246,Furniture,Bookcases
B-25925,12/29/2018,CLO_STO_032,27,Clothing,Stole
B-25925,12/29/2018,ELE_ELE_020,314,Electronics,Electronic Games
B-25925,12/29/2018,FUR_CHA_019,1228,Furniture,Chairs
B-25953,1/14/2018,ELE_PRI_030,744,Electronics,Printers
B-25953,1/14/2018,CLO_T-S_010,67,Clothing,T-shirt
B-25953,1/14/2018,CLO_STO_033,81,Clothing,Stole
B-25953,1/14/2018,ELE_ELE_021,188,Electronics,Electronic Games
B-25953,1/14/2018,ELE_ACC_021,116,Electronics,Accessories
B-25953,1/14/2018,CLO_STO_034,87,Clothing,Stole
B-25953,1/14/2018,CLO_HAN_040,44,Clothing,Hankerchief
B-25953,1/14/2018,CLO_HAN_041,22,Clothing,Hankerchief
B-25953,1/14/2018,FUR_BOO_023,1218,Furniture,Bookcases
B-25772,9/2/2018,ELE_PRI_031,1183,Electronics,Printers
B-25957,1/18/2018,CLO_STO_035,147,Clothing,Stole
B-25957,1/18/2018,FUR_BOO_024,1157,Furniture,Bookcases
B-25957,1/18/2018,CLO_SAR_048,209,Clothing,Saree
B-25730,7/22/2018,ELE_PHO_024,1145,Electronics,Phones
B-25730,7/22/2018,CLO_HAN_042,18,Clothing,Hankerchief
B-25730,7/22/2018,FUR_CHA_020,473,Furniture,Chairs
B-25730,7/22/2018,ELE_ACC_022,187,Electronics,Accessories
B-25730,7/22/2018,FUR_CHA_021,83,Furniture,Chairs
B-25730,7/22/2018,CLO_STO_036,96,Clothing,Stole
B-25877,11/24/2018,CLO_SKI_017,24,Clothing,Skirt
B-25877,11/24/2018,FUR_CHA_022,269,Furniture,Chairs
B-25877,11/24/2018,CLO_TRO_017,1137,Clothing,Trousers
B-26067,3/16/2018,ELE_PRI_032,1137,Electronics,Printers
B-26067,3/16/2018,CLO_SAR_049,1120,Clothing,Saree
B-26067,3/16/2018,CLO_HAN_043,53,Clothing,Hankerchief
B-26067,3/16/2018,FUR_BOO_025,618,Furniture,Bookcases
B-26067,3/16/2018,CLO_T-S_011,67,Clothing,T-shirt
B-25810,10/10/2018,CLO_SAR_050,1120,Clothing,Saree
B-25810,10/10/2018,CLO_HAN_044,29,Clothing,Hankerchief
B-25810,10/10/2018,ELE_ACC_023,307,Electronics,Accessories
B-25810,10/10/2018,CLO_STO_037,92,Clothing,Stole
B-25810,10/10/2018,CLO_SHI_013,45,Clothing,Shirt
B-25810,10/10/2018,CLO_HAN_045,26,Clothing,Hankerchief
B-25868,11/18/2018,FUR_TAB_011,1118,Furniture,Tables
B-25868,11/18/2018,ELE_ACC_024,170,Electronics,Accessories
B-25868,11/18/2018,ELE_PHO_025,62,Electronics,Phones
B-26023,2/19/2018,CLO_STO_038,66,Clothing,Stole
B-26023,2/19/2018,CLO_STO_039,59,Clothing,Stole
B-26023,2/19/2018,FUR_FUR_012,29,Furniture,Furnishings
B-26023,2/19/2018,FUR_BOO_026,1117,Furniture,Bookcases
B-25626,4/23/2018,ELE_PHO_026,46,Electronics,Phones
B-25626,4/23/2018,FUR_CHA_023,1103,Furniture,Chairs
B-25937,1/5/2018,FUR_BOO_027,1101,Furniture,Bookcases
B-25610,4/9/2018,CLO_SAR_051,43,Clothing,Saree
B-25610,4/9/2018,ELE_ACC_025,68,Electronics,Accessories
B-25610,4/9/2018,CLO_STO_040,107,Clothing,Stole
B-25610,4/9/2018,FUR_FUR_013,30,Furniture,Furnishings
B-25610,4/9/2018,ELE_PRI_033,781,Electronics,Printers
B-25610,4/9/2018,ELE_PRI_034,1076,Electronics,Printers
B-25777,9/10/2018,ELE_PRI_035,1076,Electronics,Printers
B-25777,9/10/2018,CLO_T-S_012,59,Clothing,T-shirt
B-25777,9/10/2018,CLO_KUR_004,117,Clothing,Kurti
B-25777,9/10/2018,ELE_ACC_026,61,Electronics,Accessories
B-25777,9/10/2018,CLO_KUR_005,69,Clothing,Kurti
B-25738,8/2/2018,FUR_FUR_014,70,Furniture,Furnishings
B-25738,8/2/2018,CLO_SAR_052,72,Clothing,Saree
B-25738,8/2/2018,ELE_PHO_027,148,Electronics,Phones
B-25738,8/2/2018,CLO_SAR_053,1069,Clothing,Saree
B-25978,1/27/2018,CLO_STO_041,341,Clothing,Stole
B-25978,1/27/2018,ELE_ELE_022,1063,Electronics,Electronic Games
B-25643,4/29/2018,CLO_HAN_046,50,Clothing,Hankerchief
B-25643,4/29/2018,FUR_BOO_028,1061,Furniture,Bookcases
B-25643,4/29/2018,CLO_SHI_014,37,Clothing,Shirt
B-25643,4/29/2018,ELE_ELE_023,263,Electronics,Electronic Games
B-25643,4/29/2018,ELE_ELE_024,36,Electronics,Electronic Games
B-25728,7/22/2018,ELE_PRI_036,1055,Electronics,Printers
B-25728,7/22/2018,ELE_PHO_028,771,Electronics,Phones
B-25728,7/22/2018,CLO_SAR_054,322,Clothing,Saree
B-25749,8/13/2018,FUR_BOO_029,1052,Furniture,Bookcases
B-25667,5/23/2018,CLO_HAN_047,11,Clothing,Hankerchief
B-25667,5/23/2018,CLO_SAR_055,344,Clothing,Saree
B-25667,5/23/2018,CLO_SKI_018,41,Clothing,Skirt
B-25667,5/23/2018,FUR_BOO_030,516,Furniture,Bookcases
B-25667,5/23/2018,ELE_PRI_037,1030,Electronics,Printers
B-25657,5/13/2018,ELE_ELE_025,1021,Electronics,Electronic Games
B-25657,5/13/2018,CLO_SAR_056,32,Clothing,Saree
B-25657,5/13/2018,FUR_CHA_024,288,Furniture,Chairs
B-25657,5/13/2018,ELE_PHO_029,332,Electronics,Phones
B-25753,8/17/2018,CLO_TRO_018,341,Clothing,Trousers
B-25753,8/17/2018,CLO_T-S_013,154,Clothing,T-shirt
B-25753,8/17/2018,ELE_ACC_027,65,Electronics,Accessories
B-25753,8/17/2018,FUR_FUR_015,47,Furniture,Furnishings
B-25753,8/17/2018,CLO_KUR_006,62,Clothing,Kurti
B-25753,8/17/2018,CLO_STO_042,77,Clothing,Stole
B-25753,8/17/2018,CLO_HAN_048,27,Clothing,Hankerchief
B-25753,8/17/2018,CLO_T-S_014,107,Clothing,T-shirt
B-25753,8/17/2018,ELE_ACC_028,620,Electronics,Accessories
B-26061,3/14/2018,ELE_PRI_038,965,Electronics,Printers
B-26061,3/14/2018,CLO_T-S_015,27,Clothing,T-shirt
B-26061,3/14/2018,ELE_PRI_039,206,Electronics,Printers
B-26061,3/14/2018,CLO_STO_043,109,Clothing,Stole
B-26061,3/14/2018,ELE_ACC_029,508,Electronics,Accessories
B-26061,3/14/2018,CLO_SAR_057,642,Clothing,Saree
B-25838,10/29/2018,CLO_STO_044,161,Clothing,Stole
B-25838,10/29/2018,CLO_HAN_049,81,Clothing,Hankerchief
B-25838,10/29/2018,CLO_HAN_050,70,Clothing,Hankerchief
B-25838,10/29/2018,ELE_PRI_040,955,Electronics,Printers
B-25702,6/27/2018,CLO_SHI_015,75,Clothing,Shirt
B-25702,6/27/2018,CLO_SAR_058,306,Clothing,Saree
B-25702,6/27/2018,FUR_CHA_025,424,Furniture,Chairs
B-25702,6/27/2018,CLO_SAR_059,31,Clothing,Saree
B-25702,6/27/2018,FUR_TAB_012,941,Furniture,Tables
B-25952,1/13/2018,CLO_HAN_051,14,Clothing,Hankerchief
B-25952,1/13/2018,FUR_CHA_026,173,Furniture,Chairs
B-25952,1/13/2018,CLO_SAR_060,147,Clothing,Saree
B-25952,1/13/2018,CLO_SKI_019,87,Clothing,Skirt
B-25952,1/13/2018,CLO_HAN_052,44,Clothing,Hankerchief
B-25952,1/13/2018,CLO_TRO_019,352,Clothing,Trousers
B-25952,1/13/2018,ELE_ELE_026,935,Electronics,Electronic Games
B-25666,5/22/2018,ELE_ELE_027,934,Electronics,Electronic Games
B-25675,5/31/2018,CLO_SAR_061,929,Clothing,Saree
B-25650,5/6/2018,CLO_SAR_062,512,Clothing,Saree
B-25650,5/6/2018,ELE_PHO_030,351,Electronics,Phones
B-25650,5/6/2018,CLO_SAR_063,238,Clothing,Saree
B-25650,5/6/2018,CLO_TRO_020,269,Clothing,Trousers
B-25650,5/6/2018,CLO_SAR_064,211,Clothing,Saree
B-25650,5/6/2018,ELE_PRI_041,245,Electronics,Printers
B-25650,5/6/2018,CLO_SAR_065,31,Clothing,Saree
B-25650,5/6/2018,CLO_STO_045,28,Clothing,Stole
B-25650,5/6/2018,ELE_ELE_028,925,Electronics,Electronic Games
B-25986,1/31/2018,FUR_FUR_016,749,Furniture,Furnishings
B-25986,1/31/2018,CLO_LEG_006,71,Clothing,Leggings
B-25986,1/31/2018,ELE_PRI_042,487,Electronics,Printers
B-25986,1/31/2018,ELE_ELE_029,918,Electronics,Electronic Games
B-25850,11/5/2018,ELE_PHO_031,916,Electronics,Phones
B-25850,11/5/2018,CLO_HAN_053,93,Clothing,Hankerchief
B-25850,11/5/2018,CLO_HAN_054,24,Clothing,Hankerchief
B-25850,11/5/2018,CLO_SAR_066,485,Clothing,Saree
B-25850,11/5/2018,CLO_T-S_016,45,Clothing,T-shirt
B-25850,11/5/2018,CLO_STO_046,148,Clothing,Stole
B-25850,11/5/2018,CLO_LEG_007,52,Clothing,Leggings
B-25850,11/5/2018,CLO_TRO_021,117,Clothing,Trousers
B-25850,11/5/2018,ELE_ACC_030,513,Electronics,Accessories
B-25898,12/7/2018,FUR_TAB_013,857,Furniture,Tables
B-25898,12/7/2018,CLO_LEG_008,33,Clothing,Leggings
B-25898,12/7/2018,ELE_ELE_030,171,Electronics,Electronic Games
B-25898,12/7/2018,CLO_STO_047,147,Clothing,Stole
B-25898,12/7/2018,CLO_T-S_017,53,Clothing,T-shirt
B-25898,12/7/2018,CLO_SAR_067,499,Clothing,Saree
B-25898,12/7/2018,CLO_SHI_016,191,Clothing,Shirt
B-25898,12/7/2018,FUR_TAB_014,915,Furniture,Tables
B-25813,10/10/2018,FUR_CHA_027,911,Furniture,Chairs
B-25825,10/21/2018,CLO_SAR_068,140,Clothing,Saree
B-25825,10/21/2018,CLO_STO_048,115,Clothing,Stole
B-25825,10/21/2018,ELE_PHO_032,911,Electronics,Phones
B-25954,1/14/2018,CLO_LEG_009,27,Clothing,Leggings
B-25954,1/14/2018,ELE_ELE_031,148,Electronics,Electronic Games
B-25954,1/14/2018,ELE_PHO_033,146,Electronics,Phones
B-25954,1/14/2018,CLO_SAR_069,891,Clothing,Saree
B-25954,1/14/2018,FUR_FUR_017,189,Furniture,Furnishings
B-25954,1/14/2018,CLO_SHI_017,48,Clothing,Shirt
B-25954,1/14/2018,CLO_STO_049,44,Clothing,Stole
B-25954,1/14/2018,ELE_ELE_032,524,Electronics,Electronic Games
B-25696,6/21/2018,CLO_SAR_070,275,Clothing,Saree
B-25696,6/21/2018,CLO_KUR_007,44,Clothing,Kurti
B-25696,6/21/2018,ELE_PHO_034,117,Electronics,Phones
B-25696,6/21/2018,CLO_SAR_071,116,Clothing,Saree
B-25696,6/21/2018,CLO_SAR_072,168,Clothing,Saree
B-25696,6/21/2018,ELE_PRI_043,887,Electronics,Printers
B-25638,4/26/2018,FUR_BOO_031,182,Furniture,Bookcases
B-25638,4/26/2018,CLO_HAN_055,154,Clothing,Hankerchief
B-25638,4/26/2018,ELE_PRI_044,816,Electronics,Printers
B-25638,4/26/2018,FUR_FUR_018,880,Furniture,Furnishings
B-25747,8/11/2018,FUR_BOO_032,877,Furniture,Bookcases
B-25904,12/10/2018,FUR_CHA_028,83,Furniture,Chairs
B-25904,12/10/2018,FUR_BOO_033,871,Furniture,Bookcases
B-25852,11/7/2018,FUR_TAB_015,869,Furniture,Tables
B-25852,11/7/2018,CLO_HAN_056,24,Clothing,Hankerchief
B-25852,11/7/2018,CLO_KUR_008,105,Clothing,Kurti
B-25852,11/7/2018,CLO_STO_050,97,Clothing,Stole
B-25852,11/7/2018,CLO_HAN_057,45,Clothing,Hankerchief
B-25852,11/7/2018,ELE_PRI_045,320,Electronics,Printers
B-25852,11/7/2018,CLO_STO_051,50,Clothing,Stole
B-25981,1/28/2018,ELE_PHO_035,867,Electronics,Phones
B-25981,1/28/2018,CLO_SAR_073,54,Clothing,Saree
B-25981,1/28/2018,CLO_T-S_018,62,Clothing,T-shirt
B-25981,1/28/2018,CLO_STO_052,48,Clothing,Stole
B-25981,1/28/2018,FUR_BOO_034,245,Furniture,Bookcases
B-25981,1/28/2018,CLO_LEG_010,42,Clothing,Leggings
B-25899,12/8/2018,CLO_LEG_011,22,Clothing,Leggings
B-25899,12/8/2018,CLO_SAR_074,43,Clothing,Saree
B-25899,12/8/2018,CLO_SKI_020,28,Clothing,Skirt
B-25899,12/8/2018,FUR_CHA_029,846,Furniture,Chairs
B-25870,11/20/2018,CLO_SAR_075,845,Clothing,Saree
B-25870,11/20/2018,CLO_KUR_009,10,Clothing,Kurti
B-25870,11/20/2018,FUR_FUR_019,57,Furniture,Furnishings
B-25870,11/20/2018,CLO_HAN_058,473,Clothing,Hankerchief
B-26040,2/26/2018,CLO_STO_053,38,Clothing,Stole
B-26040,2/26/2018,CLO_HAN_059,113,Clothing,Hankerchief
B-26040,2/26/2018,CLO_TRO_022,833,Clothing,Trousers
B-25671,5/27/2018,CLO_TRO_023,832,Clothing,Trousers
B-26100,3/31/2018,FUR_CHA_030,828,Furniture,Chairs
B-26100,3/31/2018,CLO_T-S_019,34,Clothing,T-shirt
B-26100,3/31/2018,CLO_SHI_018,72,Clothing,Shirt
B-25651,5/7/2018,FUR_CHA_031,823,Furniture,Chairs
B-25651,5/7/2018,CLO_SAR_076,457,Clothing,Saree
B-25651,5/7/2018,CLO_LEG_012,7,Clothing,Leggings
B-25651,5/7/2018,CLO_SAR_077,159,Clothing,Saree
B-25651,5/7/2018,FUR_CHA_032,172,Furniture,Chairs
B-25651,5/7/2018,CLO_STO_054,44,Clothing,Stole
B-25651,5/7/2018,FUR_BOO_035,200,Furniture,Bookcases
B-25651,5/7/2018,CLO_SHI_019,49,Clothing,Shirt
B-25651,5/7/2018,CLO_T-S_020,16,Clothing,T-shirt
B-25651,5/7/2018,CLO_SKI_021,11,Clothing,Skirt
B-25968,1/21/2018,ELE_ACC_031,811,Electronics,Accessories
B-26019,2/15/2018,CLO_T-S_021,585,Clothing,T-shirt
B-25664,5/20/2018,ELE_PHO_036,444,Electronics,Phones
B-25664,5/20/2018,FUR_BOO_036,83,Furniture,Bookcases
B-25664,5/20/2018,ELE_PHO_037,258,Electronics,Phones
B-25664,5/20/2018,ELE_PHO_038,785,Electronics,Phones
B-26033,2/22/2018,ELE_ACC_032,774,Electronics,Accessories
B-26033,2/22/2018,FUR_BOO_037,143,Furniture,Bookcases
B-26033,2/22/2018,CLO_SHI_020,111,Clothing,Shirt
B-26052,3/8/2018,ELE_ACC_033,774,Electronics,Accessories
B-26052,3/8/2018,CLO_KUR_010,78,Clothing,Kurti
B-26052,3/8/2018,CLO_SAR_078,145,Clothing,Saree
B-26052,3/8/2018,CLO_T-S_022,101,Clothing,T-shirt
B-26052,3/8/2018,CLO_KUR_011,148,Clothing,Kurti
B-26052,3/8/2018,CLO_STO_055,25,Clothing,Stole
B-26052,3/8/2018,CLO_SHI_021,15,Clothing,Shirt
B-25999,2/5/2018,CLO_SHI_022,223,Clothing,Shirt
B-25999,2/5/2018,CLO_SAR_079,215,Clothing,Saree
B-25999,2/5/2018,CLO_STO_056,93,Clothing,Stole
B-25999,2/5/2018,FUR_FUR_020,109,Furniture,Furnishings
B-25999,2/5/2018,CLO_SAR_080,152,Clothing,Saree
B-25999,2/5/2018,CLO_STO_057,26,Clothing,Stole
B-25999,2/5/2018,ELE_ELE_033,51,Electronics,Electronic Games
B-25999,2/5/2018,ELE_PHO_039,129,Electronics,Phones
B-25999,2/5/2018,CLO_HAN_060,222,Clothing,Hankerchief
B-25999,2/5/2018,CLO_STO_058,352,Clothing,Stole
B-25999,2/5/2018,ELE_ACC_034,770,Electronics,Accessories
B-25781,9/14/2018,CLO_STO_059,45,Clothing,Stole
B-25781,9/14/2018,CLO_KUR_012,25,Clothing,Kurti
B-25781,9/14/2018,CLO_HAN_061,60,Clothing,Hankerchief
B-25781,9/14/2018,CLO_T-S_023,30,Clothing,T-shirt
B-25781,9/14/2018,ELE_PRI_046,584,Electronics,Printers
B-25781,9/14/2018,CLO_TRO_024,767,Clothing,Trousers
B-25764,8/28/2018,CLO_KUR_013,26,Clothing,Kurti
B-25764,8/28/2018,CLO_SAR_081,349,Clothing,Saree
B-25764,8/28/2018,ELE_PHO_040,765,Electronics,Phones
B-25764,8/28/2018,CLO_T-S_024,119,Clothing,T-shirt
B-25803,10/5/2018,CLO_SAR_082,765,Clothing,Saree
B-25803,10/5/2018,ELE_PRI_047,757,Electronics,Printers
B-25803,10/5/2018,CLO_TRO_025,536,Clothing,Trousers
B-25803,10/5/2018,ELE_ELE_034,269,Electronics,Electronic Games
B-25803,10/5/2018,CLO_SHI_023,137,Clothing,Shirt
B-25803,10/5/2018,CLO_STO_060,185,Clothing,Stole
B-25803,10/5/2018,CLO_TRO_026,106,Clothing,Trousers
B-25803,10/5/2018,FUR_CHA_033,511,Furniture,Chairs
B-25945,1/11/2018,ELE_ELE_035,765,Electronics,Electronic Games
B-25945,1/11/2018,CLO_SHI_024,63,Clothing,Shirt
B-25945,1/11/2018,CLO_SAR_083,60,Clothing,Saree
B-25945,1/11/2018,FUR_BOO_038,245,Furniture,Bookcases
B-26086,3/26/2018,ELE_PRI_048,762,Electronics,Printers
B-26086,3/26/2018,CLO_HAN_062,25,Clothing,Hankerchief
B-26086,3/26/2018,CLO_T-S_025,43,Clothing,T-shirt
B-25845,11/3/2018,CLO_KUR_014,82,Clothing,Kurti
B-25845,11/3/2018,ELE_PRI_049,757,Electronics,Printers
B-25845,11/3/2018,ELE_PHO_041,274,Electronics,Phones
B-25845,11/3/2018,CLO_STO_061,132,Clothing,Stole
B-25817,10/13/2018,ELE_PRI_050,743,Electronics,Printers
B-25951,1/13/2018,FUR_BOO_039,742,Furniture,Bookcases
B-25951,1/13/2018,CLO_TRO_027,250,Clothing,Trousers
B-25951,1/13/2018,CLO_STO_062,89,Clothing,Stole
B-25951,1/13/2018,CLO_STO_063,120,Clothing,Stole
B-25951,1/13/2018,CLO_HAN_063,111,Clothing,Hankerchief
B-25951,1/13/2018,CLO_STO_064,102,Clothing,Stole
B-25951,1/13/2018,ELE_PHO_042,248,Electronics,Phones
B-25951,1/13/2018,ELE_ELE_036,50,Electronics,Electronic Games
B-25951,1/13/2018,ELE_ACC_035,40,Electronics,Accessories
B-25951,1/13/2018,CLO_KUR_015,30,Clothing,Kurti
B-25970,1/22/2018,FUR_BOO_040,742,Furniture,Bookcases
B-25970,1/22/2018,ELE_PHO_043,365,Electronics,Phones
B-25970,1/22/2018,CLO_STO_065,111,Clothing,Stole
B-25970,1/22/2018,ELE_PRI_051,203,Electronics,Printers
B-25878,11/24/2018,FUR_BOO_041,741,Furniture,Bookcases
B-25878,11/24/2018,FUR_CHA_034,719,Furniture,Chairs
B-25878,11/24/2018,FUR_FUR_021,165,Furniture,Furnishings
B-25878,11/24/2018,CLO_LEG_013,46,Clothing,Leggings
B-25878,11/24/2018,CLO_STO_066,140,Clothing,Stole
B-25878,11/24/2018,CLO_T-S_026,84,Clothing,T-shirt
B-26057,3/10/2018,FUR_BOO_042,659,Furniture,Bookcases
B-26057,3/10/2018,CLO_T-S_027,54,Clothing,T-shirt
B-26057,3/10/2018,CLO_TRO_028,224,Clothing,Trousers
B-26057,3/10/2018,ELE_PRI_052,736,Electronics,Printers
B-25885,11/28/2018,FUR_CHA_035,734,Furniture,Chairs
B-25885,11/28/2018,CLO_STO_067,349,Clothing,Stole
B-25885,11/28/2018,CLO_SHI_025,94,Clothing,Shirt
B-25885,11/28/2018,FUR_BOO_043,394,Furniture,Bookcases
B-25897,12/6/2018,ELE_ELE_037,734,Electronics,Electronic Games
B-25897,12/6/2018,CLO_HAN_064,24,Clothing,Hankerchief
B-25897,12/6/2018,CLO_STO_068,43,Clothing,Stole
B-25897,12/6/2018,CLO_HAN_065,33,Clothing,Hankerchief
B-25756,8/20/2018,FUR_BOO_044,729,Furniture,Bookcases
B-25756,8/20/2018,ELE_PHO_044,465,Electronics,Phones
B-25756,8/20/2018,FUR_BOO_045,204,Furniture,Bookcases
B-25756,8/20/2018,CLO_LEG_014,29,Clothing,Leggings
B-25756,8/20/2018,ELE_PRI_053,643,Electronics,Printers
B-25859,11/14/2018,FUR_BOO_046,724,Furniture,Bookcases
B-25691,6/16/2018,CLO_SAR_084,714,Clothing,Saree
B-25691,6/16/2018,CLO_STO_069,75,Clothing,Stole
B-25691,6/16/2018,CLO_STO_070,17,Clothing,Stole
B-25633,4/26/2018,CLO_TRO_029,496,Clothing,Trousers
B-25633,4/26/2018,CLO_SAR_085,711,Clothing,Saree
B-25633,4/26/2018,ELE_PHO_045,249,Electronics,Phones
B-25708,7/1/2018,ELE_PHO_046,709,Electronics,Phones
B-25708,7/1/2018,FUR_FUR_022,191,Furniture,Furnishings
B-25708,7/1/2018,CLO_STO_071,32,Clothing,Stole
B-25708,7/1/2018,CLO_STO_072,81,Clothing,Stole
B-25831,10/27/2018,CLO_SAR_086,693,Clothing,Saree
B-25856,11/10/2018,CLO_SAR_087,257,Clothing,Saree
B-25856,11/10/2018,CLO_SKI_022,10,Clothing,Skirt
B-25856,11/10/2018,CLO_SAR_088,48,Clothing,Saree
B-25856,11/10/2018,CLO_STO_073,74,Clothing,Stole
B-25856,11/10/2018,CLO_SAR_089,689,Clothing,Saree
B-25893,12/4/2018,CLO_KUR_016,61,Clothing,Kurti
B-25893,12/4/2018,CLO_STO_074,355,Clothing,Stole
B-25893,12/4/2018,CLO_STO_075,83,Clothing,Stole
B-25893,12/4/2018,CLO_SAR_090,149,Clothing,Saree
B-25893,12/4/2018,ELE_PRI_054,372,Electronics,Printers
B-25893,12/4/2018,CLO_SHI_026,223,Clothing,Shirt
B-25893,12/4/2018,ELE_ACC_036,688,Electronics,Accessories
B-25959,1/18/2018,FUR_CHA_036,681,Furniture,Chairs
B-25959,1/18/2018,CLO_HAN_066,23,Clothing,Hankerchief
B-25959,1/18/2018,CLO_KUR_017,32,Clothing,Kurti
B-25959,1/18/2018,CLO_SHI_027,132,Clothing,Shirt
B-25959,1/18/2018,ELE_PHO_047,252,Electronics,Phones
B-25959,1/18/2018,CLO_HAN_067,82,Clothing,Hankerchief
B-25959,1/18/2018,FUR_CHA_037,429,Furniture,Chairs
B-25959,1/18/2018,ELE_PHO_048,637,Electronics,Phones
B-26000,2/6/2018,ELE_PRI_055,676,Electronics,Printers
B-26000,2/6/2018,CLO_SKI_023,43,Clothing,Skirt
B-26000,2/6/2018,FUR_CHA_038,597,Furniture,Chairs
B-26097,3/28/2018,ELE_PRI_056,663,Electronics,Printers
B-26097,3/28/2018,ELE_ELE_038,671,Electronics,Electronic Games
B-26097,3/28/2018,FUR_CHA_039,185,Furniture,Chairs
B-26097,3/28/2018,CLO_HAN_068,97,Clothing,Hankerchief
B-26097,3/28/2018,CLO_LEG_015,39,Clothing,Leggings
B-26097,3/28/2018,CLO_HAN_069,19,Clothing,Hankerchief
B-26097,3/28/2018,CLO_HAN_070,14,Clothing,Hankerchief
B-25745,8/9/2018,CLO_SAR_091,296,Clothing,Saree
B-25745,8/9/2018,FUR_FUR_023,132,Furniture,Furnishings
B-25745,8/9/2018,CLO_STO_076,44,Clothing,Stole
B-25745,8/9/2018,FUR_BOO_047,670,Furniture,Bookcases
B-25974,1/25/2018,FUR_BOO_048,662,Furniture,Bookcases
B-25670,5/25/2018,CLO_HAN_071,24,Clothing,Hankerchief
B-25670,5/25/2018,FUR_BOO_049,656,Furniture,Bookcases
B-25670,5/25/2018,CLO_STO_077,74,Clothing,Stole
B-25670,5/25/2018,CLO_HAN_072,14,Clothing,Hankerchief
B-25848,11/3/2018,ELE_ELE_039,648,Electronics,Electronic Games
B-25848,11/3/2018,FUR_FUR_024,147,Furniture,Furnishings
B-25848,11/3/2018,CLO_HAN_073,16,Clothing,Hankerchief
B-25888,12/2/2018,ELE_ELE_040,646,Electronics,Electronic Games
B-25888,12/2/2018,ELE_PHO_049,223,Electronics,Phones
B-25888,12/2/2018,CLO_HAN_074,18,Clothing,Hankerchief
B-25942,1/8/2018,ELE_PRI_057,646,Electronics,Printers
B-25847,11/3/2018,ELE_PRI_058,643,Electronics,Printers
B-25847,11/3/2018,FUR_FUR_025,264,Furniture,Furnishings
B-25636,4/26/2018,CLO_SAR_092,637,Clothing,Saree
B-25826,10/22/2018,ELE_PRI_059,637,Electronics,Printers
B-26081,3/22/2018,CLO_HAN_075,24,Clothing,Hankerchief
B-26081,3/22/2018,ELE_ACC_037,169,Electronics,Accessories
B-26081,3/22/2018,FUR_BOO_050,359,Furniture,Bookcases
B-26081,3/22/2018,CLO_SAR_093,93,Clothing,Saree
B-26081,3/22/2018,CLO_STO_078,79,Clothing,Stole
B-26081,3/22/2018,CLO_SAR_094,637,Clothing,Saree
B-25625,4/23/2018,CLO_LEG_016,59,Clothing,Leggings
B-25625,4/23/2018,CLO_HAN_076,97,Clothing,Hankerchief
B-25625,4/23/2018,CLO_SAR_095,635,Clothing,Saree
B-25802,10/5/2018,CLO_SAR_096,25,Clothing,Saree
B-25802,10/5/2018,CLO_STO_079,95,Clothing,Stole
B-25802,10/5/2018,ELE_ACC_038,633,Electronics,Accessories
B-25802,10/5/2018,CLO_SHI_028,23,Clothing,Shirt
B-25802,10/5/2018,CLO_SKI_024,13,Clothing,Skirt
B-25693,6/18/2018,CLO_HAN_077,76,Clothing,Hankerchief
B-25693,6/18/2018,CLO_SAR_097,632,Clothing,Saree
B-25693,6/18/2018,CLO_SAR_098,32,Clothing,Saree
B-25693,6/18/2018,ELE_PHO_050,68,Electronics,Phones
B-25693,6/18/2018,ELE_PHO_051,72,Electronics,Phones
B-25693,6/18/2018,CLO_T-S_028,82,Clothing,T-shirt
B-25693,6/18/2018,CLO_SKI_025,13,Clothing,Skirt
B-25796,9/24/2018,CLO_SAR_099,632,Clothing,Saree
B-25796,9/24/2018,FUR_CHA_040,239,Furniture,Chairs
B-25796,9/24/2018,CLO_SAR_100,148,Clothing,Saree
B-25796,9/24/2018,CLO_SAR_101,37,Clothing,Saree
B-25796,9/24/2018,CLO_STO_080,78,Clothing,Stole
B-25796,9/24/2018,CLO_TRO_030,559,Clothing,Trousers
B-25796,9/24/2018,ELE_ACC_039,28,Electronics,Accessories
B-25806,10/6/2018,FUR_TAB_016,632,Furniture,Tables
B-25710,7/5/2018,CLO_LEG_017,10,Clothing,Leggings
B-25710,7/5/2018,FUR_FUR_026,216,Furniture,Furnishings
B-25710,7/5/2018,CLO_SKI_026,25,Clothing,Skirt
B-25710,7/5/2018,CLO_T-S_029,53,Clothing,T-shirt
B-25710,7/5/2018,FUR_FUR_027,616,Furniture,Furnishings
B-25710,7/5/2018,CLO_T-S_030,13,Clothing,T-shirt
B-25669,5/25/2018,FUR_TAB_017,610,Furniture,Tables
B-25857,11/10/2018,ELE_ACC_040,324,Electronics,Accessories
B-25857,11/10/2018,FUR_FUR_028,227,Furniture,Furnishings
B-25857,11/10/2018,FUR_BOO_051,598,Furniture,Bookcases
B-25785,9/15/2018,CLO_SAR_102,595,Clothing,Saree
B-25785,9/15/2018,CLO_SAR_103,192,Clothing,Saree
B-25785,9/15/2018,CLO_SAR_104,268,Clothing,Saree
B-25785,9/15/2018,CLO_T-S_031,45,Clothing,T-shirt
B-25930,1/3/2018,FUR_BOO_052,595,Furniture,Bookcases
B-25930,1/3/2018,CLO_HAN_078,151,Clothing,Hankerchief
B-25930,1/3/2018,CLO_T-S_032,202,Clothing,T-shirt
B-25930,1/3/2018,CLO_HAN_079,58,Clothing,Hankerchief
B-25930,1/3/2018,CLO_T-S_033,40,Clothing,T-shirt
B-25930,1/3/2018,ELE_ELE_041,351,Electronics,Electronic Games
B-26053,3/9/2018,FUR_BOO_053,594,Furniture,Bookcases
B-26053,3/9/2018,CLO_STO_081,85,Clothing,Stole
B-26053,3/9/2018,FUR_BOO_054,246,Furniture,Bookcases
B-26053,3/9/2018,CLO_SKI_027,27,Clothing,Skirt
B-26053,3/9/2018,CLO_STO_082,162,Clothing,Stole
B-26053,3/9/2018,FUR_CHA_041,120,Furniture,Chairs
B-26053,3/9/2018,ELE_ACC_041,93,Electronics,Accessories
B-26053,3/9/2018,CLO_SAR_105,425,Clothing,Saree
B-26053,3/9/2018,CLO_SKI_028,17,Clothing,Skirt
B-26070,3/18/2018,FUR_FUR_029,582,Furniture,Furnishings
B-26070,3/18/2018,CLO_TRO_031,75,Clothing,Trousers
B-26070,3/18/2018,CLO_SHI_029,54,Clothing,Shirt
B-26070,3/18/2018,CLO_HAN_080,14,Clothing,Hankerchief
B-25791,9/24/2018,CLO_SAR_106,565,Clothing,Saree
B-25791,9/24/2018,CLO_SAR_107,253,Clothing,Saree
B-25791,9/24/2018,CLO_SAR_108,175,Clothing,Saree
B-25983,1/30/2018,FUR_BOO_055,561,Furniture,Bookcases
B-25983,1/30/2018,FUR_FUR_030,161,Furniture,Furnishings
B-25983,1/30/2018,CLO_SAR_109,230,Clothing,Saree
B-25983,1/30/2018,CLO_T-S_034,50,Clothing,T-shirt
B-25983,1/30/2018,FUR_CHA_042,32,Furniture,Chairs
B-25979,1/27/2018,FUR_BOO_056,284,Furniture,Bookcases
B-25979,1/27/2018,CLO_KUR_018,82,Clothing,Kurti
B-25979,1/27/2018,CLO_SHI_030,57,Clothing,Shirt
B-25979,1/27/2018,CLO_SAR_110,560,Clothing,Saree
B-25979,1/27/2018,CLO_HAN_081,12,Clothing,Hankerchief
B-26054,3/10/2018,CLO_HAN_082,246,Clothing,Hankerchief
B-26054,3/10/2018,CLO_STO_083,156,Clothing,Stole
B-26054,3/10/2018,CLO_SHI_031,88,Clothing,Shirt
B-26054,3/10/2018,ELE_ACC_042,139,Electronics,Accessories
B-26054,3/10/2018,CLO_SAR_111,88,Clothing,Saree
B-26054,3/10/2018,CLO_STO_084,138,Clothing,Stole
B-26054,3/10/2018,CLO_STO_085,139,Clothing,Stole
B-26054,3/10/2018,ELE_ELE_042,559,Electronics,Electronic Games
B-26078,3/22/2018,ELE_ELE_043,557,Electronics,Electronic Games
B-26078,3/22/2018,CLO_T-S_035,44,Clothing,T-shirt
B-26078,3/22/2018,CLO_STO_086,137,Clothing,Stole
B-26078,3/22/2018,CLO_SKI_029,17,Clothing,Skirt
B-25787,9/20/2018,CLO_SAR_112,556,Clothing,Saree
B-25787,9/20/2018,CLO_SHI_032,40,Clothing,Shirt
B-25787,9/20/2018,FUR_FUR_031,140,Furniture,Furnishings
B-25787,9/20/2018,ELE_ACC_043,229,Electronics,Accessories
B-25682,6/7/2018,ELE_PHO_052,545,Electronics,Phones
B-25962,1/19/2018,FUR_BOO_057,544,Furniture,Bookcases
B-25962,1/19/2018,ELE_ELE_044,312,Electronics,Electronic Games
B-25962,1/19/2018,ELE_PRI_060,260,Electronics,Printers
B-25750,8/14/2018,CLO_SHI_033,19,Clothing,Shirt
B-25750,8/14/2018,CLO_SAR_113,208,Clothing,Saree
B-25750,8/14/2018,FUR_CHA_043,212,Furniture,Chairs
B-25750,8/14/2018,CLO_SAR_114,199,Clothing,Saree
B-25750,8/14/2018,FUR_FUR_032,78,Furniture,Furnishings
B-25750,8/14/2018,FUR_BOO_058,73,Furniture,Bookcases
B-25750,8/14/2018,CLO_SKI_030,42,Clothing,Skirt
B-25750,8/14/2018,CLO_STO_087,22,Clothing,Stole
B-25750,8/14/2018,FUR_FUR_033,539,Furniture,Furnishings
B-25828,10/24/2018,CLO_SAR_115,537,Clothing,Saree
B-25828,10/24/2018,CLO_SAR_116,222,Clothing,Saree
B-25828,10/24/2018,CLO_SAR_117,128,Clothing,Saree
B-25828,10/24/2018,CLO_LEG_018,15,Clothing,Leggings
B-25622,4/22/2018,CLO_SAR_118,534,Clothing,Saree
B-25751,8/14/2018,CLO_HAN_083,32,Clothing,Hankerchief
B-25751,8/14/2018,ELE_ELE_045,221,Electronics,Electronic Games
B-25751,8/14/2018,CLO_KUR_019,10,Clothing,Kurti
B-25751,8/14/2018,ELE_PHO_053,106,Electronics,Phones
B-25751,8/14/2018,CLO_HAN_084,65,Clothing,Hankerchief
B-25751,8/14/2018,CLO_SAR_119,43,Clothing,Saree
B-25751,8/14/2018,CLO_SHI_034,43,Clothing,Shirt
B-25751,8/14/2018,ELE_ELE_046,534,Electronics,Electronic Games
B-25751,8/14/2018,ELE_PHO_054,68,Electronics,Phones
B-25751,8/14/2018,CLO_LEG_019,14,Clothing,Leggings
B-25685,6/10/2018,FUR_FUR_034,264,Furniture,Furnishings
B-25685,6/10/2018,CLO_SHI_035,45,Clothing,Shirt
B-25685,6/10/2018,FUR_FUR_035,51,Furniture,Furnishings
B-25685,6/10/2018,ELE_PHO_055,529,Electronics,Phones
B-26010,2/11/2018,CLO_T-S_036,55,Clothing,T-shirt
B-26010,2/11/2018,FUR_FUR_036,176,Furniture,Furnishings
B-26010,2/11/2018,CLO_SHI_036,85,Clothing,Shirt
B-26010,2/11/2018,ELE_ELE_047,527,Electronics,Electronic Games
B-26010,2/11/2018,CLO_STO_088,29,Clothing,Stole
B-26010,2/11/2018,CLO_HAN_085,18,Clothing,Hankerchief
B-26035,2/23/2018,ELE_PHO_056,520,Electronics,Phones
B-26035,2/23/2018,CLO_SAR_120,291,Clothing,Saree
B-26035,2/23/2018,ELE_ELE_048,369,Electronics,Electronic Games
B-25698,6/23/2018,FUR_CHA_044,516,Furniture,Chairs
B-25698,6/23/2018,ELE_PHO_057,65,Electronics,Phones
B-25698,6/23/2018,CLO_SAR_121,207,Clothing,Saree
B-25698,6/23/2018,CLO_KUR_020,87,Clothing,Kurti
B-25698,6/23/2018,CLO_HAN_086,27,Clothing,Hankerchief
B-25698,6/23/2018,CLO_HAN_087,7,Clothing,Hankerchief
B-25966,1/21/2018,ELE_ELE_049,510,Electronics,Electronic Games
B-25832,10/28/2018,FUR_BOO_059,504,Furniture,Bookcases
B-25743,8/7/2018,CLO_TRO_032,503,Clothing,Trousers
B-25743,8/7/2018,CLO_SAR_122,99,Clothing,Saree
B-25743,8/7/2018,CLO_SAR_123,143,Clothing,Saree
B-25743,8/7/2018,CLO_HAN_088,56,Clothing,Hankerchief
B-25743,8/7/2018,CLO_STO_089,74,Clothing,Stole
B-25886,11/28/2018,ELE_PHO_058,502,Electronics,Phones
B-25886,11/28/2018,CLO_STO_090,89,Clothing,Stole
B-25886,11/28/2018,CLO_SHI_037,107,Clothing,Shirt
B-25886,11/28/2018,CLO_T-S_037,63,Clothing,T-shirt
B-25975,1/25/2018,CLO_SKI_031,29,Clothing,Skirt
B-26098,3/29/2018,CLO_LEG_020,96,Clothing,Leggings
B-26098,3/29/2018,CLO_SAR_124,409,Clothing,Saree
B-26098,3/29/2018,CLO_SKI_032,46,Clothing,Skirt
B-26098,3/29/2018,CLO_T-S_038,59,Clothing,T-shirt
B-26098,3/29/2018,ELE_ACC_044,82,Electronics,Accessories
B-26098,3/29/2018,FUR_CHA_045,497,Furniture,Chairs
B-25614,4/13/2018,ELE_ELE_050,98,Electronics,Electronic Games
B-25614,4/13/2018,FUR_BOO_060,494,Furniture,Bookcases
B-25726,7/21/2018,FUR_BOO_061,490,Furniture,Bookcases
B-26050,3/6/2018,CLO_SHI_038,32,Clothing,Shirt
B-26050,3/6/2018,ELE_PHO_059,487,Electronics,Phones
B-26050,3/6/2018,CLO_T-S_039,325,Clothing,T-shirt
B-26050,3/6/2018,CLO_SAR_125,79,Clothing,Saree
B-26050,3/6/2018,ELE_ACC_045,166,Electronics,Accessories
B-26050,3/6/2018,CLO_SAR_126,169,Clothing,Saree
B-26050,3/6/2018,CLO_HAN_089,284,Clothing,Hankerchief
B-26050,3/6/2018,CLO_STO_091,38,Clothing,Stole
B-26050,3/6/2018,ELE_PRI_061,382,Electronics,Printers
B-25609,4/9/2018,ELE_ELE_051,485,Electronics,Electronic Games
B-25609,4/9/2018,CLO_SAR_127,249,Clothing,Saree
B-25741,8/3/2018,ELE_ELE_052,482,Electronics,Electronic Games
B-25956,1/17/2018,CLO_SHI_039,89,Clothing,Shirt
B-25956,1/17/2018,CLO_HAN_090,59,Clothing,Hankerchief
B-25956,1/17/2018,ELE_PHO_060,140,Electronics,Phones
B-25956,1/17/2018,ELE_PHO_061,474,Electronics,Phones
B-25956,1/17/2018,CLO_HAN_091,33,Clothing,Hankerchief
B-25689,6/14/2018,ELE_ELE_053,469,Electronics,Electronic Games
B-25689,6/14/2018,CLO_STO_092,97,Clothing,Stole
B-25689,6/14/2018,CLO_STO_093,149,Clothing,Stole
B-25939,1/5/2018,ELE_ACC_046,136,Electronics,Accessories
B-25939,1/5/2018,ELE_ACC_047,61,Electronics,Accessories
B-25939,1/5/2018,ELE_ELE_054,469,Electronics,Electronic Games
B-25890,12/4/2018,CLO_SAR_128,465,Clothing,Saree
B-25814,10/10/2018,CLO_T-S_040,118,Clothing,T-shirt
B-25814,10/10/2018,CLO_SAR_129,462,Clothing,Saree
B-25718,7/12/2018,FUR_BOO_062,371,Furniture,Bookcases
B-25718,7/12/2018,FUR_BOO_063,460,Furniture,Bookcases
B-25914,12/18/2018,CLO_STO_094,125,Clothing,Stole
B-25914,12/18/2018,FUR_CHA_046,460,Furniture,Chairs
B-25903,12/10/2018,CLO_HAN_092,19,Clothing,Hankerchief
B-25903,12/10/2018,CLO_LEG_021,25,Clothing,Leggings
B-25903,12/10/2018,ELE_ACC_048,455,Electronics,Accessories
B-25903,12/10/2018,ELE_PHO_062,336,Electronics,Phones
B-25903,12/10/2018,CLO_HAN_093,37,Clothing,Hankerchief
B-25903,12/10/2018,CLO_SHI_040,74,Clothing,Shirt
B-25903,12/10/2018,FUR_FUR_037,60,Furniture,Furnishings
B-25903,12/10/2018,CLO_HAN_094,204,Clothing,Hankerchief
B-26096,3/28/2018,ELE_PHO_063,451,Electronics,Phones
B-26096,3/28/2018,CLO_TRO_033,264,Clothing,Trousers
B-26096,3/28/2018,CLO_LEG_022,45,Clothing,Leggings
B-26096,3/28/2018,ELE_ACC_049,88,Electronics,Accessories
B-26096,3/28/2018,CLO_SHI_041,140,Clothing,Shirt
B-26096,3/28/2018,CLO_SAR_130,103,Clothing,Saree
B-25654,5/10/2018,ELE_PRI_062,450,Electronics,Printers
B-25654,5/10/2018,ELE_ELE_055,269,Electronics,Electronic Games
B-25654,5/10/2018,CLO_SAR_131,229,Clothing,Saree
B-25654,5/10/2018,FUR_FUR_038,122,Furniture,Furnishings
B-25654,5/10/2018,CLO_STO_095,105,Clothing,Stole
B-25654,5/10/2018,FUR_FUR_039,121,Furniture,Furnishings
B-25654,5/10/2018,CLO_SAR_132,54,Clothing,Saree
B-25654,5/10/2018,CLO_HAN_095,34,Clothing,Hankerchief
B-26076,3/21/2018,CLO_SAR_133,219,Clothing,Saree
B-26076,3/21/2018,CLO_STO_096,91,Clothing,Stole
B-26076,3/21/2018,CLO_SHI_042,133,Clothing,Shirt
B-26076,3/21/2018,CLO_T-S_041,60,Clothing,T-shirt
B-26076,3/21/2018,FUR_BOO_064,450,Furniture,Bookcases
B-25961,1/18/2018,ELE_PRI_063,446,Electronics,Printers
B-25961,1/18/2018,FUR_BOO_065,366,Furniture,Bookcases
B-25961,1/18/2018,CLO_SHI_043,48,Clothing,Shirt
B-25961,1/18/2018,CLO_SKI_033,34,Clothing,Skirt
B-25961,1/18/2018,CLO_LEG_023,34,Clothing,Leggings
B-25961,1/18/2018,CLO_SKI_034,26,Clothing,Skirt
B-25854,11/8/2018,CLO_SAR_134,381,Clothing,Saree
B-25854,11/8/2018,CLO_SAR_135,53,Clothing,Saree
B-25854,11/8/2018,CLO_STO_097,149,Clothing,Stole
B-25854,11/8/2018,CLO_HAN_096,76,Clothing,Hankerchief
B-25854,11/8/2018,CLO_STO_098,88,Clothing,Stole
B-25854,11/8/2018,FUR_FUR_040,342,Furniture,Furnishings
B-25854,11/8/2018,CLO_HAN_097,40,Clothing,Hankerchief
B-25854,11/8/2018,CLO_HAN_098,436,Clothing,Hankerchief
B-25642,4/28/2018,CLO_SHI_044,434,Clothing,Shirt
B-25683,6/8/2018,CLO_SAR_136,86,Clothing,Saree
B-25683,6/8/2018,FUR_FUR_041,155,Furniture,Furnishings
B-25683,6/8/2018,ELE_PHO_064,245,Electronics,Phones
B-25683,6/8/2018,ELE_PRI_064,433,Electronics,Printers
B-25683,6/8/2018,CLO_STO_099,148,Clothing,Stole
B-26016,2/14/2018,CLO_HAN_099,202,Clothing,Hankerchief
B-26016,2/14/2018,ELE_ELE_056,429,Electronics,Electronic Games
B-26016,2/14/2018,ELE_ELE_057,134,Electronics,Electronic Games
B-26016,2/14/2018,CLO_SHI_045,74,Clothing,Shirt
B-26034,2/23/2018,ELE_ACC_050,425,Electronics,Accessories
B-26056,3/10/2018,CLO_SAR_137,424,Clothing,Saree
B-26056,3/10/2018,CLO_HAN_100,15,Clothing,Hankerchief
B-26056,3/10/2018,CLO_HAN_101,101,Clothing,Hankerchief
B-26056,3/10/2018,CLO_HAN_102,47,Clothing,Hankerchief
B-26056,3/10/2018,CLO_STO_100,70,Clothing,Stole
B-26056,3/10/2018,CLO_HAN_103,206,Clothing,Hankerchief
B-26056,3/10/2018,FUR_BOO_066,213,Furniture,Bookcases
B-26056,3/10/2018,ELE_ACC_051,220,Electronics,Accessories
B-26056,3/10/2018,ELE_PHO_065,391,Electronics,Phones
B-26056,3/10/2018,CLO_HAN_104,33,Clothing,Hankerchief
B-26056,3/10/2018,CLO_HAN_105,31,Clothing,Hankerchief
B-26056,3/10/2018,CLO_KUR_021,19,Clothing,Kurti
B-25819,10/15/2018,ELE_ELE_058,417,Electronics,Electronic Games
B-25715,7/10/2018,ELE_PHO_066,416,Electronics,Phones
B-25933,1/4/2018,CLO_SAR_138,412,Clothing,Saree
B-25933,1/4/2018,CLO_SAR_139,207,Clothing,Saree
B-25933,1/4/2018,CLO_STO_101,81,Clothing,Stole
B-26014,2/13/2018,FUR_CHA_047,406,Furniture,Chairs
B-26014,2/13/2018,FUR_CHA_048,278,Furniture,Chairs
B-25655,5/11/2018,CLO_HAN_106,6,Clothing,Hankerchief
B-25655,5/11/2018,CLO_SKI_035,74,Clothing,Skirt
B-25655,5/11/2018,FUR_CHA_049,312,Furniture,Chairs
B-25655,5/11/2018,CLO_HAN_107,44,Clothing,Hankerchief
B-25655,5/11/2018,CLO_SAR_140,396,Clothing,Saree
B-25655,5/11/2018,CLO_SAR_141,110,Clothing,Saree
B-25655,5/11/2018,CLO_TRO_034,97,Clothing,Trousers
B-25655,5/11/2018,CLO_SKI_036,9,Clothing,Skirt
B-25655,5/11/2018,CLO_HAN_108,7,Clothing,Hankerchief
B-25816,10/12/2018,CLO_STO_102,391,Clothing,Stole
B-25634,4/26/2018,FUR_CHA_050,389,Furniture,Chairs
B-25895,12/4/2018,FUR_BOO_067,388,Furniture,Bookcases
B-25687,6/11/2018,CLO_SAR_142,387,Clothing,Saree
B-25687,6/11/2018,CLO_STO_103,17,Clothing,Stole
B-25687,6/11/2018,CLO_SAR_143,357,Clothing,Saree
B-25687,6/11/2018,CLO_T-S_042,51,Clothing,T-shirt
B-25687,6/11/2018,CLO_KUR_022,14,Clothing,Kurti
B-25662,5/17/2018,CLO_T-S_043,24,Clothing,T-shirt
B-25662,5/17/2018,FUR_FUR_042,385,Furniture,Furnishings
B-25662,5/17/2018,ELE_ELE_059,86,Electronics,Electronic Games
B-25635,4/26/2018,CLO_HAN_109,40,Clothing,Hankerchief
B-25635,4/26/2018,CLO_SAR_144,382,Clothing,Saree
B-25635,4/26/2018,CLO_SKI_037,23,Clothing,Skirt
B-26060,3/13/2018,CLO_SAR_145,382,Clothing,Saree
B-26045,3/3/2018,CLO_STO_104,376,Clothing,Stole
B-26045,3/3/2018,FUR_FUR_043,302,Furniture,Furnishings
B-26045,3/3/2018,CLO_SAR_146,179,Clothing,Saree
B-26045,3/3/2018,CLO_STO_105,27,Clothing,Stole
B-25770,9/2/2018,FUR_BOO_068,299,Furniture,Bookcases
B-25770,9/2/2018,FUR_BOO_069,375,Furniture,Bookcases
B-25770,9/2/2018,FUR_FUR_044,110,Furniture,Furnishings
B-25770,9/2/2018,FUR_CHA_051,287,Furniture,Chairs
B-25744,8/8/2018,ELE_PRI_065,373,Electronics,Printers
B-25618,4/18/2018,CLO_HAN_110,12,Clothing,Hankerchief
B-25618,4/18/2018,FUR_BOO_070,362,Furniture,Bookcases
B-25958,1/18/2018,CLO_HAN_111,105,Clothing,Hankerchief
B-25958,1/18/2018,CLO_SAR_147,360,Clothing,Saree
B-25769,9/2/2018,CLO_SAR_148,355,Clothing,Saree
B-25619,4/18/2018,CLO_SAR_149,353,Clothing,Saree
B-25688,6/11/2018,CLO_SAR_150,352,Clothing,Saree
B-25829,10/25/2018,CLO_HAN_112,345,Clothing,Hankerchief
B-26036,2/23/2018,FUR_FUR_045,341,Furniture,Furnishings
B-25714,7/9/2018,CLO_HAN_113,11,Clothing,Hankerchief
B-25714,7/9/2018,CLO_SHI_046,340,Clothing,Shirt
B-25989,2/1/2018,ELE_ACC_052,42,Electronics,Accessories
B-25989,2/1/2018,FUR_BOO_071,330,Furniture,Bookcases
B-25989,2/1/2018,CLO_HAN_114,338,Clothing,Hankerchief
B-25989,2/1/2018,CLO_HAN_115,44,Clothing,Hankerchief
B-25989,2/1/2018,CLO_STO_106,10,Clothing,Stole
B-25849,11/4/2018,ELE_PHO_067,336,Electronics,Phones
B-25851,11/6/2018,CLO_KUR_023,135,Clothing,Kurti
B-25851,11/6/2018,FUR_BOO_072,336,Furniture,Bookcases
B-25851,11/6/2018,CLO_T-S_044,90,Clothing,T-shirt
B-25851,11/6/2018,CLO_SAR_151,62,Clothing,Saree
B-25851,11/6/2018,CLO_T-S_045,57,Clothing,T-shirt
B-25851,11/6/2018,CLO_T-S_046,237,Clothing,T-shirt
B-25851,11/6/2018,ELE_PRI_066,300,Electronics,Printers
B-25851,11/6/2018,CLO_HAN_116,53,Clothing,Hankerchief
B-25851,11/6/2018,CLO_SAR_152,103,Clothing,Saree
B-25851,11/6/2018,CLO_HAN_117,10,Clothing,Hankerchief
B-25782,9/15/2018,FUR_CHA_052,335,Furniture,Chairs
B-25621,4/20/2018,ELE_PHO_068,333,Electronics,Phones
B-25621,4/20/2018,ELE_ELE_060,233,Electronics,Electronic Games
B-25621,4/20/2018,ELE_ELE_061,228,Electronics,Electronic Games
B-25996,2/4/2018,CLO_HAN_118,31,Clothing,Hankerchief
B-25996,2/4/2018,ELE_PHO_069,333,Electronics,Phones
B-25996,2/4/2018,CLO_SKI_038,62,Clothing,Skirt
B-25996,2/4/2018,CLO_SAR_153,189,Clothing,Saree
B-25996,2/4/2018,CLO_STO_107,47,Clothing,Stole
B-25996,2/4/2018,CLO_SHI_047,286,Clothing,Shirt
B-25996,2/4/2018,FUR_FUR_046,217,Furniture,Furnishings
B-25678,6/3/2018,CLO_SHI_048,27,Clothing,Shirt
B-25678,6/3/2018,ELE_PHO_070,327,Electronics,Phones
B-25678,6/3/2018,CLO_SAR_154,64,Clothing,Saree
B-25678,6/3/2018,CLO_SKI_039,7,Clothing,Skirt
B-25727,7/22/2018,CLO_TRO_035,327,Clothing,Trousers
B-25727,7/22/2018,CLO_LEG_024,57,Clothing,Leggings
B-26018,2/14/2018,CLO_HAN_119,61,Clothing,Hankerchief
B-26018,2/14/2018,FUR_FUR_047,326,Furniture,Furnishings
B-25760,8/24/2018,ELE_PRI_067,322,Electronics,Printers
B-25804,10/5/2018,CLO_T-S_047,156,Clothing,T-shirt
B-25804,10/5/2018,ELE_PRI_068,321,Electronics,Printers
B-25754,8/18/2018,CLO_SKI_040,9,Clothing,Skirt
B-25754,8/18/2018,CLO_KUR_024,72,Clothing,Kurti
B-25754,8/18/2018,CLO_SKI_041,19,Clothing,Skirt
B-25754,8/18/2018,CLO_LEG_025,41,Clothing,Leggings
B-25754,8/18/2018,CLO_STO_108,93,Clothing,Stole
B-25754,8/18/2018,ELE_PRI_069,262,Electronics,Printers
B-25754,8/18/2018,CLO_SAR_155,319,Clothing,Saree
B-25754,8/18/2018,CLO_SAR_156,30,Clothing,Saree
B-26020,2/16/2018,ELE_ACC_053,319,Electronics,Accessories
B-25640,4/27/2018,CLO_SAR_157,1499,Clothing,Saree
B-25640,4/27/2018,CLO_TRO_036,68,Clothing,Trousers
B-25640,4/27/2018,CLO_SAR_158,122,Clothing,Saree
B-25789,9/22/2018,FUR_FUR_048,67,Furniture,Furnishings
B-25789,9/22/2018,FUR_BOO_073,313,Furniture,Bookcases
B-25789,9/22/2018,CLO_KUR_025,30,Clothing,Kurti
B-26072,3/20/2018,ELE_ELE_062,313,Electronics,Electronic Games
B-26007,2/9/2018,FUR_BOO_074,311,Furniture,Bookcases
B-26087,3/26/2018,CLO_STO_109,180,Clothing,Stole
B-26087,3/26/2018,ELE_ELE_063,311,Electronics,Electronic Games
B-26087,3/26/2018,CLO_SAR_159,119,Clothing,Saree
B-26087,3/26/2018,CLO_HAN_120,46,Clothing,Hankerchief
B-26087,3/26/2018,CLO_STO_110,40,Clothing,Stole
B-25617,4/17/2018,ELE_ELE_064,305,Electronics,Electronic Games
B-25984,1/30/2018,CLO_STO_111,304,Clothing,Stole
B-25767,8/31/2018,ELE_ELE_065,299,Electronics,Electronic Games
B-25767,8/31/2018,ELE_ACC_054,74,Electronics,Accessories
B-25767,8/31/2018,CLO_SAR_160,48,Clothing,Saree
B-25767,8/31/2018,CLO_SAR_161,29,Clothing,Saree
B-25767,8/31/2018,CLO_KUR_026,9,Clothing,Kurti
B-25987,1/31/2018,CLO_STO_112,299,Clothing,Stole
B-25987,1/31/2018,CLO_HAN_121,88,Clothing,Hankerchief
B-25840,10/31/2018,FUR_BOO_075,298,Furniture,Bookcases
B-25840,10/31/2018,CLO_SAR_162,262,Clothing,Saree
B-25840,10/31/2018,FUR_BOO_076,246,Furniture,Bookcases
B-25663,5/19/2018,ELE_PRI_070,294,Electronics,Printers
B-26030,2/21/2018,ELE_PRI_071,291,Electronics,Printers
B-26030,2/21/2018,CLO_SKI_042,11,Clothing,Skirt
B-26030,2/21/2018,CLO_STO_113,50,Clothing,Stole
B-26030,2/21/2018,CLO_SHI_049,89,Clothing,Shirt
B-26030,2/21/2018,CLO_HAN_122,92,Clothing,Hankerchief
B-26030,2/21/2018,ELE_ACC_055,221,Electronics,Accessories
B-25947,1/13/2018,CLO_HAN_123,290,Clothing,Hankerchief
B-25947,1/13/2018,ELE_ACC_056,207,Electronics,Accessories
B-25896,12/5/2018,CLO_SKI_043,31,Clothing,Skirt
B-25896,12/5/2018,CLO_KUR_027,287,Clothing,Kurti
B-25896,12/5/2018,CLO_T-S_048,190,Clothing,T-shirt
B-25896,12/5/2018,CLO_HAN_124,103,Clothing,Hankerchief
B-25896,12/5/2018,FUR_FUR_049,79,Furniture,Furnishings
B-25896,12/5/2018,CLO_KUR_028,42,Clothing,Kurti
B-25896,12/5/2018,CLO_SKI_044,23,Clothing,Skirt
B-26009,2/10/2018,ELE_PRI_072,285,Electronics,Printers
B-26009,2/10/2018,CLO_SHI_050,195,Clothing,Shirt
B-25876,11/24/2018,CLO_TRO_037,282,Clothing,Trousers
B-25915,12/19/2018,ELE_ELE_066,277,Electronics,Electronic Games
B-25795,9/24/2018,ELE_PHO_071,276,Electronics,Phones
B-26002,2/8/2018,CLO_SAR_163,276,Clothing,Saree
B-26002,2/8/2018,CLO_T-S_049,71,Clothing,T-shirt
B-26002,2/8/2018,CLO_STO_114,80,Clothing,Stole
B-26002,2/8/2018,CLO_SAR_164,141,Clothing,Saree
B-26002,2/8/2018,CLO_SAR_165,113,Clothing,Saree
B-25645,5/1/2018,ELE_PHO_072,273,Electronics,Phones
B-25645,5/1/2018,CLO_T-S_050,86,Clothing,T-shirt
B-25645,5/1/2018,ELE_PRI_073,133,Electronics,Printers
B-25645,5/1/2018,ELE_PHO_073,183,Electronics,Phones
B-25837,10/29/2018,CLO_STO_115,263,Clothing,Stole
B-25612,4/12/2018,FUR_CHA_053,259,Furniture,Chairs
B-25812,10/10/2018,CLO_HAN_125,259,Clothing,Hankerchief
B-25843,11/3/2018,CLO_HAN_126,18,Clothing,Hankerchief
B-25843,11/3/2018,CLO_STO_116,45,Clothing,Stole
B-25843,11/3/2018,ELE_ACC_057,214,Electronics,Accessories
B-25843,11/3/2018,CLO_SKI_045,50,Clothing,Skirt
B-25843,11/3/2018,CLO_HAN_127,255,Clothing,Hankerchief
B-26026,2/19/2018,CLO_HAN_128,255,Clothing,Hankerchief
B-26026,2/19/2018,CLO_KUR_029,25,Clothing,Kurti
B-25773,9/6/2018,FUR_CHA_054,224,Furniture,Chairs
B-25773,9/6/2018,FUR_CHA_055,248,Furniture,Chairs
B-25773,9/6/2018,CLO_SAR_166,437,Clothing,Saree
B-25773,9/6/2018,CLO_SAR_167,85,Clothing,Saree
B-25773,9/6/2018,ELE_ELE_067,209,Electronics,Electronic Games
B-25875,11/24/2018,CLO_SAR_168,248,Clothing,Saree
B-25660,5/16/2018,CLO_SAR_169,245,Clothing,Saree
B-25918,12/22/2018,FUR_FUR_050,244,Furniture,Furnishings
B-25971,1/22/2018,FUR_BOO_077,244,Furniture,Bookcases
B-26063,3/15/2018,ELE_ELE_068,241,Electronics,Electronic Games
B-25867,11/17/2018,CLO_KUR_030,240,Clothing,Kurti
B-25867,11/17/2018,CLO_STO_117,31,Clothing,Stole
B-25867,11/17/2018,CLO_SHI_051,163,Clothing,Shirt
B-25703,6/28/2018,CLO_HAN_129,231,Clothing,Hankerchief
B-25703,6/28/2018,CLO_SAR_170,97,Clothing,Saree
B-25703,6/28/2018,CLO_HAN_130,32,Clothing,Hankerchief
B-25703,6/28/2018,CLO_SAR_171,47,Clothing,Saree
B-25703,6/28/2018,FUR_FUR_051,42,Furniture,Furnishings
B-25703,6/28/2018,CLO_SHI_052,186,Clothing,Shirt
B-25703,6/28/2018,CLO_STO_118,17,Clothing,Stole
B-25703,6/28/2018,CLO_KUR_031,22,Clothing,Kurti
B-25661,5/17/2018,FUR_CHA_056,55,Furniture,Chairs
B-25661,5/17/2018,FUR_CHA_057,58,Furniture,Chairs
B-25661,5/17/2018,FUR_CHA_058,145,Furniture,Chairs
B-25661,5/17/2018,FUR_CHA_059,224,Furniture,Chairs
B-25661,5/17/2018,CLO_HAN_131,19,Clothing,Hankerchief
B-25661,5/17/2018,CLO_HAN_132,7,Clothing,Hankerchief
B-25748,8/12/2018,ELE_ELE_069,47,Electronics,Electronic Games
B-25748,8/12/2018,ELE_PHO_074,224,Electronics,Phones
B-25748,8/12/2018,CLO_SHI_053,141,Clothing,Shirt
B-25748,8/12/2018,CLO_LEG_026,8,Clothing,Leggings
B-25766,8/30/2018,CLO_SAR_172,220,Clothing,Saree
B-25861,11/15/2018,CLO_HAN_133,44,Clothing,Hankerchief
B-25861,11/15/2018,ELE_ELE_070,216,Electronics,Electronic Games
B-25861,11/15/2018,CLO_HAN_134,56,Clothing,Hankerchief
B-25861,11/15/2018,CLO_HAN_135,62,Clothing,Hankerchief
B-25861,11/15/2018,CLO_SAR_173,128,Clothing,Saree
B-25861,11/15/2018,CLO_STO_119,50,Clothing,Stole
B-26058,3/11/2018,CLO_HAN_136,212,Clothing,Hankerchief
B-25808,10/8/2018,CLO_LEG_027,63,Clothing,Leggings
B-25808,10/8/2018,CLO_HAN_137,210,Clothing,Hankerchief
B-25808,10/8/2018,ELE_ELE_071,146,Electronics,Electronic Games
B-25808,10/8/2018,CLO_STO_120,59,Clothing,Stole
B-25900,12/9/2018,CLO_LEG_028,15,Clothing,Leggings
B-25900,12/9/2018,ELE_PHO_075,210,Electronics,Phones
B-25900,12/9/2018,CLO_T-S_051,140,Clothing,T-shirt
B-26084,3/25/2018,ELE_ELE_072,209,Electronics,Electronic Games
B-25652,5/8/2018,CLO_SAR_174,206,Clothing,Saree
B-25652,5/8/2018,ELE_ACC_058,174,Electronics,Accessories
B-25652,5/8/2018,CLO_LEG_029,34,Clothing,Leggings
B-25652,5/8/2018,CLO_LEG_030,21,Clothing,Leggings
B-25652,5/8/2018,CLO_SKI_046,24,Clothing,Skirt
B-25652,5/8/2018,CLO_HAN_138,25,Clothing,Hankerchief
B-25652,5/8/2018,CLO_HAN_139,9,Clothing,Hankerchief
B-26008,2/9/2018,CLO_HAN_140,206,Clothing,Hankerchief
B-26008,2/9/2018,CLO_SAR_175,199,Clothing,Saree
B-26008,2/9/2018,CLO_LEG_031,57,Clothing,Leggings
B-26008,2/9/2018,CLO_STO_121,22,Clothing,Stole
B-25799,10/1/2018,FUR_CHA_060,45,Furniture,Chairs
B-25799,10/1/2018,CLO_SAR_176,205,Clothing,Saree
B-25799,10/1/2018,CLO_STO_122,70,Clothing,Stole
B-25799,10/1/2018,CLO_SAR_177,47,Clothing,Saree
B-25927,12/31/2018,ELE_ELE_073,200,Electronics,Electronic Games
B-25985,1/31/2018,CLO_HAN_141,32,Clothing,Hankerchief
B-25985,1/31/2018,CLO_KUR_032,197,Clothing,Kurti
B-25985,1/31/2018,CLO_SHI_054,108,Clothing,Shirt
B-25985,1/31/2018,CLO_STO_123,44,Clothing,Stole
B-25994,2/3/2018,ELE_PHO_076,196,Electronics,Phones
B-25620,4/20/2018,ELE_PRI_074,193,Electronics,Printers
B-25712,7/7/2018,ELE_PHO_077,193,Electronics,Phones
B-25976,1/25/2018,CLO_T-S_052,193,Clothing,T-shirt
B-26068,3/16/2018,ELE_ACC_059,193,Electronics,Accessories
B-25721,7/16/2018,ELE_PHO_078,149,Electronics,Phones
B-25721,7/16/2018,CLO_SKI_047,29,Clothing,Skirt
B-25721,7/16/2018,CLO_SHI_055,191,Clothing,Shirt
B-25863,11/15/2018,CLO_STO_124,189,Clothing,Stole
B-25991,2/3/2018,CLO_HAN_142,13,Clothing,Hankerchief
B-25991,2/3/2018,CLO_SHI_056,188,Clothing,Shirt
B-25991,2/3/2018,FUR_CHA_061,90,Furniture,Chairs
B-25737,8/1/2018,CLO_TRO_038,187,Clothing,Trousers
B-26043,3/1/2018,CLO_HAN_143,79,Clothing,Hankerchief
B-26043,3/1/2018,CLO_SKI_048,30,Clothing,Skirt
B-26043,3/1/2018,CLO_STO_125,185,Clothing,Stole
B-26043,3/1/2018,CLO_STO_126,122,Clothing,Stole
B-26043,3/1/2018,CLO_HAN_144,62,Clothing,Hankerchief
B-25977,1/27/2018,CLO_STO_127,27,Clothing,Stole
B-25977,1/27/2018,CLO_STO_128,74,Clothing,Stole
B-25977,1/27/2018,CLO_T-S_053,180,Clothing,T-shirt
B-25908,12/12/2018,CLO_KUR_033,179,Clothing,Kurti
B-25941,1/7/2018,CLO_SHI_057,177,Clothing,Shirt
B-25794,9/24/2018,ELE_ACC_060,176,Electronics,Accessories
B-26041,2/27/2018,FUR_FUR_052,176,Furniture,Furnishings
B-25695,6/18/2018,CLO_SHI_058,171,Clothing,Shirt
B-25960,1/18/2018,FUR_BOO_078,171,Furniture,Bookcases
B-26037,2/23/2018,CLO_STO_129,171,Clothing,Stole
B-25921,12/25/2018,ELE_ACC_061,84,Electronics,Accessories
B-25921,12/25/2018,CLO_T-S_054,170,Clothing,T-shirt
B-25921,12/25/2018,ELE_ACC_062,71,Electronics,Accessories
B-25944,1/10/2018,CLO_SAR_178,169,Clothing,Saree
B-25724,7/19/2018,FUR_BOO_079,168,Furniture,Bookcases
B-26024,2/19/2018,CLO_STO_130,168,Clothing,Stole
B-25694,6/18/2018,CLO_T-S_055,167,Clothing,T-shirt
B-25665,5/21/2018,ELE_ACC_063,166,Electronics,Accessories
B-26004,2/8/2018,ELE_ELE_074,162,Electronics,Electronic Games
B-26004,2/8/2018,CLO_SAR_179,147,Clothing,Saree
B-25611,4/11/2018,CLO_SAR_180,160,Clothing,Saree
B-25901,12/10/2018,FUR_FUR_053,159,Furniture,Furnishings
B-25901,12/10/2018,CLO_T-S_056,90,Clothing,T-shirt
B-25901,12/10/2018,CLO_HAN_145,61,Clothing,Hankerchief
B-25901,12/10/2018,CLO_HAN_146,158,Clothing,Hankerchief
B-25623,4/22/2018,CLO_SAR_181,149,Clothing,Saree
B-25623,4/22/2018,CLO_STO_131,105,Clothing,Stole
B-25623,4/22/2018,CLO_STO_132,158,Clothing,Stole
B-25623,4/22/2018,CLO_STO_133,53,Clothing,Stole
B-25713,7/8/2018,FUR_CHA_062,158,Furniture,Chairs
B-26091,3/27/2018,CLO_HAN_147,29,Clothing,Hankerchief
B-26091,3/27/2018,CLO_STO_134,158,Clothing,Stole
B-26091,3/27/2018,CLO_LEG_032,59,Clothing,Leggings
B-25604,4/3/2018,CLO_T-S_057,65,Clothing,T-shirt
B-25604,4/3/2018,CLO_SAR_182,157,Clothing,Saree
B-25827,10/23/2018,FUR_CHA_063,156,Furniture,Chairs
B-25835,10/29/2018,CLO_LEG_033,52,Clothing,Leggings
B-25835,10/29/2018,CLO_LEG_034,27,Clothing,Leggings
B-25835,10/29/2018,CLO_STO_135,155,Clothing,Stole
B-26025,2/19/2018,CLO_HAN_148,41,Clothing,Hankerchief
B-26025,2/19/2018,CLO_STO_136,32,Clothing,Stole
B-26025,2/19/2018,CLO_STO_137,155,Clothing,Stole
B-25809,10/9/2018,CLO_HAN_149,53,Clothing,Hankerchief
B-25809,10/9/2018,CLO_HAN_150,154,Clothing,Hankerchief
B-25905,12/11/2018,CLO_STO_138,152,Clothing,Stole
B-25948,1/13/2018,FUR_FUR_054,152,Furniture,Furnishings
B-26094,3/27/2018,CLO_STO_139,152,Clothing,Stole
B-25949,1/13/2018,CLO_HAN_151,151,Clothing,Hankerchief
B-25949,1/13/2018,CLO_TRO_039,140,Clothing,Trousers
B-25949,1/13/2018,CLO_HAN_152,24,Clothing,Hankerchief
B-26001,2/7/2018,CLO_SKI_049,8,Clothing,Skirt
B-26001,2/7/2018,CLO_SKI_050,50,Clothing,Skirt
B-26001,2/7/2018,FUR_FUR_055,149,Furniture,Furnishings
B-26001,2/7/2018,CLO_HAN_153,13,Clothing,Hankerchief
B-25771,9/2/2018,CLO_HAN_154,148,Clothing,Hankerchief
B-25659,5/15/2018,CLO_T-S_058,148,Clothing,T-shirt
B-25924,12/28/2018,FUR_CHA_064,148,Furniture,Chairs
B-25883,11/27/2018,CLO_HAN_155,16,Clothing,Hankerchief
B-25883,11/27/2018,FUR_FUR_056,127,Furniture,Furnishings
B-25883,11/27/2018,CLO_LEG_035,105,Clothing,Leggings
B-25883,11/27/2018,CLO_HAN_156,146,Clothing,Hankerchief
B-25883,11/27/2018,CLO_LEG_036,10,Clothing,Leggings
B-25946,1/12/2018,ELE_PHO_079,146,Electronics,Phones
B-26065,3/16/2018,CLO_STO_140,146,Clothing,Stole
B-26083,3/24/2018,CLO_LEG_037,43,Clothing,Leggings
B-26083,3/24/2018,ELE_ACC_064,45,Electronics,Accessories
B-26083,3/24/2018,ELE_ACC_065,143,Electronics,Accessories
B-26083,3/24/2018,CLO_T-S_059,145,Clothing,T-shirt
B-26083,3/24/2018,CLO_SAR_183,34,Clothing,Saree
B-25725,7/20/2018,ELE_ELE_075,144,Electronics,Electronic Games
B-25725,7/20/2018,CLO_STO_141,26,Clothing,Stole
B-25725,7/20/2018,CLO_HAN_157,23,Clothing,Hankerchief
B-25630,4/24/2018,CLO_T-S_060,34,Clothing,T-shirt
B-25630,4/24/2018,CLO_STO_142,133,Clothing,Stole
B-25630,4/24/2018,CLO_KUR_034,114,Clothing,Kurti
B-25630,4/24/2018,CLO_KUR_035,42,Clothing,Kurti
B-25630,4/24/2018,CLO_STO_143,40,Clothing,Stole
B-25630,4/24/2018,ELE_PHO_080,143,Electronics,Phones
B-25673,5/28/2018,CLO_SAR_184,143,Clothing,Saree
B-25673,5/28/2018,CLO_T-S_061,37,Clothing,T-shirt
B-25673,5/28/2018,CLO_SHI_059,45,Clothing,Shirt
B-25673,5/28/2018,CLO_SAR_185,149,Clothing,Saree
B-25673,5/28/2018,CLO_SAR_186,44,Clothing,Saree
B-25692,6/17/2018,FUR_FUR_057,141,Furniture,Furnishings
B-25992,2/3/2018,CLO_SHI_060,141,Clothing,Shirt
B-25765,8/29/2018,CLO_STO_144,139,Clothing,Stole
B-25892,12/4/2018,CLO_SHI_061,139,Clothing,Shirt
B-26089,3/26/2018,CLO_HAN_158,27,Clothing,Hankerchief
B-26089,3/26/2018,CLO_KUR_036,59,Clothing,Kurti
B-26089,3/26/2018,CLO_KUR_037,139,Clothing,Kurti
B-25780,9/13/2018,ELE_PHO_081,137,Electronics,Phones
B-25684,6/9/2018,FUR_CHA_065,134,Furniture,Chairs
B-25739,8/3/2018,FUR_CHA_066,133,Furniture,Chairs
B-25731,7/26/2018,FUR_FUR_058,131,Furniture,Furnishings
B-25648,5/4/2018,CLO_T-S_062,30,Clothing,T-shirt
B-25648,5/4/2018,ELE_PHO_082,100,Electronics,Phones
B-25648,5/4/2018,CLO_SAR_187,130,Clothing,Saree
B-25648,5/4/2018,CLO_SAR_188,55,Clothing,Saree
B-26038,2/24/2018,CLO_T-S_063,41,Clothing,T-shirt
B-26038,2/24/2018,CLO_STO_145,52,Clothing,Stole
B-26038,2/24/2018,CLO_SHI_062,130,Clothing,Shirt
B-26038,2/24/2018,CLO_T-S_064,30,Clothing,T-shirt
B-25700,6/25/2018,CLO_STO_146,44,Clothing,Stole
B-25700,6/25/2018,CLO_SHI_063,129,Clothing,Shirt
B-25700,6/25/2018,CLO_HAN_159,7,Clothing,Hankerchief
B-26015,2/14/2018,CLO_SAR_189,128,Clothing,Saree
B-25704,6/29/2018,ELE_ACC_066,126,Electronics,Accessories
B-25704,6/29/2018,ELE_PHO_083,102,Electronics,Phones
B-25811,10/10/2018,CLO_HAN_160,126,Clothing,Hankerchief
B-25821,10/16/2018,CLO_HAN_161,17,Clothing,Hankerchief
B-25821,10/16/2018,ELE_ACC_067,125,Electronics,Accessories
B-25821,10/16/2018,CLO_STO_147,60,Clothing,Stole
B-25874,11/24/2018,CLO_T-S_065,124,Clothing,T-shirt
B-25668,5/24/2018,FUR_FUR_059,123,Furniture,Furnishings
B-25800,10/1/2018,CLO_HAN_162,45,Clothing,Hankerchief
B-25800,10/1/2018,ELE_ACC_068,122,Electronics,Accessories
B-25800,10/1/2018,CLO_LEG_038,21,Clothing,Leggings
B-25928,1/1/2018,ELE_ACC_069,122,Electronics,Accessories
B-25928,1/1/2018,FUR_FUR_060,25,Furniture,Furnishings
B-26021,2/17/2018,CLO_HAN_163,21,Clothing,Hankerchief
B-26021,2/17/2018,CLO_STO_148,49,Clothing,Stole
B-26021,2/17/2018,FUR_FUR_061,122,Furniture,Furnishings
B-26064,3/16/2018,CLO_HAN_164,61,Clothing,Hankerchief
B-26064,3/16/2018,CLO_LEG_039,75,Clothing,Leggings
B-26064,3/16/2018,CLO_T-S_066,122,Clothing,T-shirt
B-26064,3/16/2018,CLO_SAR_190,179,Clothing,Saree
B-25882,11/26/2018,CLO_STO_149,121,Clothing,Stole
B-25891,12/4/2018,CLO_STO_150,121,Clothing,Stole
B-25891,12/4/2018,CLO_HAN_165,97,Clothing,Hankerchief
B-25891,12/4/2018,CLO_HAN_166,25,Clothing,Hankerchief
B-25820,10/16/2018,FUR_CHA_067,119,Furniture,Chairs
B-25889,12/3/2018,CLO_T-S_067,114,Clothing,T-shirt
B-25889,12/3/2018,CLO_KUR_038,119,Clothing,Kurti
B-25889,12/3/2018,CLO_KUR_039,31,Clothing,Kurti
B-25871,11/21/2018,CLO_HAN_167,118,Clothing,Hankerchief
B-25637,4/26/2018,CLO_SHI_064,117,Clothing,Shirt
B-25616,4/15/2018,CLO_HAN_168,14,Clothing,Hankerchief
B-25616,4/15/2018,CLO_STO_151,116,Clothing,Stole
B-25616,4/15/2018,CLO_HAN_169,42,Clothing,Hankerchief
B-25616,4/15/2018,CLO_HAN_170,22,Clothing,Hankerchief
B-25972,1/23/2018,ELE_ACC_070,115,Electronics,Accessories
B-25805,10/5/2018,FUR_CHA_068,112,Furniture,Chairs
B-25860,11/15/2018,CLO_KUR_040,112,Clothing,Kurti
B-26080,3/22/2018,CLO_T-S_068,109,Clothing,T-shirt
B-25807,10/7/2018,CLO_STO_152,16,Clothing,Stole
B-25734,7/29/2018,ELE_ELE_076,108,Electronics,Electronic Games
B-25880,11/24/2018,CLO_STO_153,108,Clothing,Stole
B-25934,1/4/2018,CLO_SAR_191,105,Clothing,Saree
B-25913,12/17/2018,CLO_STO_154,103,Clothing,Stole
B-25912,12/16/2018,CLO_T-S_069,102,Clothing,T-shirt
B-25824,10/20/2018,FUR_FUR_062,101,Furniture,Furnishings
B-25711,7/6/2018,CLO_HAN_171,100,Clothing,Hankerchief
B-25864,11/15/2018,CLO_STO_155,100,Clothing,Stole
B-25864,11/15/2018,CLO_HAN_172,27,Clothing,Hankerchief
B-25864,11/15/2018,CLO_LEG_040,22,Clothing,Leggings
B-25864,11/15/2018,CLO_HAN_173,17,Clothing,Hankerchief
B-25917,12/21/2018,CLO_T-S_070,100,Clothing,T-shirt
B-26049,3/5/2018,CLO_HAN_174,100,Clothing,Hankerchief
B-25920,12/24/2018,CLO_T-S_071,100,Clothing,T-shirt
B-25699,6/24/2018,CLO_STO_156,49,Clothing,Stole
B-25699,6/24/2018,FUR_FUR_063,20,Furniture,Furnishings
B-25699,6/24/2018,CLO_LEG_041,34,Clothing,Leggings
B-25699,6/24/2018,ELE_ACC_071,21,Electronics,Accessories
B-25735,7/30/2018,CLO_SKI_051,7,Clothing,Skirt
B-25735,7/30/2018,CLO_HAN_175,12,Clothing,Hankerchief
B-25735,7/30/2018,CLO_HAN_176,15,Clothing,Hankerchief
B-25701,6/26/2018,FUR_CHA_069,98,Furniture,Chairs
B-25701,6/26/2018,CLO_SHI_065,33,Clothing,Shirt
B-25701,6/26/2018,CLO_SKI_052,10,Clothing,Skirt
B-25701,6/26/2018,CLO_HAN_177,33,Clothing,Hankerchief
B-26092,3/27/2018,CLO_T-S_072,97,Clothing,T-shirt
B-26082,3/23/2018,CLO_STO_157,95,Clothing,Stole
B-25818,10/14/2018,CLO_LEG_042,32,Clothing,Leggings
B-25818,10/14/2018,CLO_KUR_041,36,Clothing,Kurti
B-25818,10/14/2018,CLO_HAN_178,28,Clothing,Hankerchief
B-25818,10/14/2018,CLO_HAN_179,75,Clothing,Hankerchief
B-25818,10/14/2018,FUR_FUR_064,94,Furniture,Furnishings
B-25846,11/3/2018,CLO_LEG_043,94,Clothing,Leggings
B-26011,2/12/2018,CLO_STO_158,93,Clothing,Stole
B-25631,4/24/2018,FUR_FUR_065,89,Furniture,Furnishings
B-25606,4/6/2018,CLO_SHI_066,87,Clothing,Shirt
B-25746,8/10/2018,CLO_SAR_192,87,Clothing,Saree
B-26005,2/8/2018,CLO_STO_159,87,Clothing,Stole
B-25844,11/3/2018,CLO_SAR_193,86,Clothing,Saree
B-25869,11/19/2018,CLO_SAR_194,86,Clothing,Saree
B-26066,3/16/2018,CLO_SAR_195,86,Clothing,Saree
B-25865,11/15/2018,CLO_SAR_196,85,Clothing,Saree
B-26039,2/25/2018,CLO_SHI_067,83,Clothing,Shirt
B-25916,12/20/2018,CLO_SKI_053,80,Clothing,Skirt
B-26090,3/27/2018,CLO_STO_160,80,Clothing,Stole
B-25988,1/31/2018,CLO_SKI_054,79,Clothing,Skirt
B-25906,12/11/2018,CLO_STO_161,78,Clothing,Stole
B-26017,2/14/2018,FUR_CHA_070,78,Furniture,Chairs
B-25644,4/30/2018,FUR_FUR_066,76,Furniture,Furnishings
B-25679,6/4/2018,CLO_SAR_197,76,Clothing,Saree
B-25723,7/18/2018,CLO_LEG_044,12,Clothing,Leggings
B-25723,7/18/2018,ELE_ELE_077,76,Electronics,Electronic Games
B-25723,7/18/2018,CLO_STO_162,26,Clothing,Stole
B-25723,7/18/2018,CLO_STO_163,16,Clothing,Stole
B-25605,4/5/2018,CLO_SAR_198,75,Clothing,Saree
B-25792,9/24/2018,CLO_STO_164,74,Clothing,Stole
B-25680,6/4/2018,CLO_SAR_199,73,Clothing,Saree
B-25931,1/4/2018,FUR_CHA_071,73,Furniture,Chairs
B-25932,1/4/2018,FUR_FUR_067,71,Furniture,Furnishings
B-25990,2/2/2018,CLO_SAR_200,71,Clothing,Saree
B-25615,4/15/2018,CLO_HAN_180,68,Clothing,Hankerchief
B-26031,2/22/2018,CLO_LEG_045,67,Clothing,Leggings
B-25801,10/1/2018,CLO_T-S_073,15,Clothing,T-shirt
B-25801,10/1/2018,CLO_LEG_046,21,Clothing,Leggings
B-25801,10/1/2018,CLO_SAR_201,64,Clothing,Saree
B-25801,10/1/2018,CLO_STO_165,49,Clothing,Stole
B-25833,10/29/2018,CLO_HAN_181,64,Clothing,Hankerchief
B-25833,10/29/2018,CLO_STO_166,45,Clothing,Stole
B-25833,10/29/2018,CLO_HAN_182,36,Clothing,Hankerchief
B-26077,3/22/2018,CLO_HAN_183,62,Clothing,Hankerchief
B-25936,1/5/2018,CLO_SAR_202,61,Clothing,Saree
B-25938,1/5/2018,FUR_FUR_068,61,Furniture,Furnishings
B-25938,1/5/2018,CLO_STO_167,59,Clothing,Stole
B-25716,7/11/2018,CLO_SAR_203,58,Clothing,Saree
B-25740,8/3/2018,CLO_SAR_204,58,Clothing,Saree
B-25740,8/3/2018,CLO_STO_168,40,Clothing,Stole
B-25740,8/3/2018,CLO_SKI_055,7,Clothing,Skirt
B-25763,8/27/2018,FUR_CHA_072,58,Furniture,Chairs
B-25872,11/22/2018,CLO_SHI_068,57,Clothing,Shirt
B-25879,11/24/2018,CLO_KUR_042,57,Clothing,Kurti
B-25926,12/30/2018,CLO_LEG_047,57,Clothing,Leggings
B-26074,3/21/2018,CLO_LEG_048,57,Clothing,Leggings
B-25627,4/23/2018,CLO_STO_169,55,Clothing,Stole
B-25940,1/6/2018,CLO_HAN_184,13,Clothing,Hankerchief
B-25940,1/6/2018,CLO_STO_170,55,Clothing,Stole
B-25940,1/6/2018,CLO_LEG_049,46,Clothing,Leggings
B-26047,3/4/2018,CLO_SKI_056,55,Clothing,Skirt
B-26069,3/17/2018,CLO_KUR_043,55,Clothing,Kurti
B-26027,2/20/2018,CLO_T-S_074,54,Clothing,T-shirt
B-25963,1/19/2018,FUR_FUR_069,53,Furniture,Furnishings
B-25922,12/26/2018,CLO_STO_171,52,Clothing,Stole
B-25866,11/16/2018,CLO_STO_172,51,Clothing,Stole
B-25607,4/6/2018,CLO_LEG_050,50,Clothing,Leggings
B-25775,9/8/2018,CLO_STO_173,50,Clothing,Stole
B-25998,2/4/2018,FUR_FUR_070,50,Furniture,Furnishings
B-26062,3/15/2018,CLO_STO_174,44,Clothing,Stole
B-26062,3/15/2018,CLO_STO_175,50,Clothing,Stole
B-26062,3/15/2018,CLO_STO_176,13,Clothing,Stole
B-25722,7/17/2018,CLO_STO_177,48,Clothing,Stole
B-25776,9/9/2018,CLO_KUR_044,47,Clothing,Kurti
B-26032,2/22/2018,CLO_SAR_205,47,Clothing,Saree
B-25705,6/30/2018,ELE_ELE_078,46,Electronics,Electronic Games
B-25628,4/24/2018,FUR_FUR_071,35,Furniture,Furnishings
B-25628,4/24/2018,CLO_SAR_206,219,Clothing,Saree
B-25628,4/24/2018,CLO_SKI_057,45,Clothing,Skirt
B-25733,7/28/2018,CLO_STO_178,43,Clothing,Stole
B-25733,7/28/2018,CLO_STO_179,30,Clothing,Stole
B-25733,7/28/2018,CLO_HAN_185,23,Clothing,Hankerchief
B-25647,5/3/2018,CLO_SAR_207,42,Clothing,Saree
B-25790,9/23/2018,ELE_ELE_079,42,Electronics,Electronic Games
B-25709,7/1/2018,CLO_SAR_208,33,Clothing,Saree
B-25709,7/1/2018,FUR_CHA_073,41,Furniture,Chairs
B-25911,12/15/2018,CLO_KUR_045,40,Clothing,Kurti
B-25774,9/7/2018,FUR_FUR_072,38,Furniture,Furnishings
B-26042,2/28/2018,CLO_STO_180,36,Clothing,Stole
B-25815,10/10/2018,CLO_STO_181,35,Clothing,Stole
B-25822,10/18/2018,CLO_SAR_209,34,Clothing,Saree
B-26075,3/21/2018,CLO_STO_182,34,Clothing,Stole
B-25783,9/15/2018,CLO_LEG_051,33,Clothing,Leggings
B-25783,9/15/2018,CLO_STO_183,25,Clothing,Stole
B-25783,9/15/2018,CLO_HAN_186,26,Clothing,Hankerchief
B-25783,9/15/2018,CLO_HAN_187,30,Clothing,Hankerchief
B-25783,9/15/2018,CLO_SHI_069,21,Clothing,Shirt
B-26046,3/4/2018,CLO_HAN_188,32,Clothing,Hankerchief
B-25690,6/15/2018,CLO_SKI_058,31,Clothing,Skirt
B-25706,7/1/2018,CLO_STO_184,31,Clothing,Stole
B-25736,7/31/2018,CLO_SKI_059,31,Clothing,Skirt
B-25720,7/15/2018,FUR_CHA_074,30,Furniture,Chairs
B-25907,12/11/2018,CLO_HAN_189,30,Clothing,Hankerchief
B-25719,7/12/2018,CLO_STO_185,29,Clothing,Stole
B-26013,2/13/2018,CLO_SKI_060,29,Clothing,Skirt
B-26044,3/2/2018,CLO_SKI_061,28,Clothing,Skirt
B-25649,5/5/2018,CLO_STO_186,27,Clothing,Stole
B-25658,5/14/2018,CLO_T-S_075,27,Clothing,T-shirt
B-25672,5/28/2018,CLO_STO_187,27,Clothing,Stole
B-25624,4/22/2018,CLO_HAN_190,26,Clothing,Hankerchief
B-25884,11/28/2018,CLO_HAN_191,24,Clothing,Hankerchief
B-25641,4/27/2018,FUR_FUR_073,22,Furniture,Furnishings
B-25841,11/1/2018,CLO_SKI_062,22,Clothing,Skirt
B-25980,1/27/2018,CLO_KUR_046,22,Clothing,Kurti
B-26012,2/13/2018,CLO_SAR_210,199,Clothing,Saree
B-26029,2/20/2018,CLO_T-S_076,21,Clothing,T-shirt
B-26071,3/19/2018,CLO_HAN_192,21,Clothing,Hankerchief
B-25646,5/1/2018,CLO_SAR_211,299,Clothing,Saree
B-25677,6/2/2018,ELE_ACC_072,20,Electronics,Accessories
B-25759,8/23/2018,CLO_HAN_193,20,Clothing,Hankerchief
B-26059,3/12/2018,CLO_T-S_077,20,Clothing,T-shirt
B-25632,4/25/2018,CLO_LEG_052,19,Clothing,Leggings
B-26079,3/22/2018,CLO_HAN_194,18,Clothing,Hankerchief
B-25674,5/28/2018,CLO_SKI_063,17,Clothing,Skirt
B-25965,1/21/2018,CLO_HAN_195,17,Clothing,Hankerchief
B-25732,7/27/2018,CLO_STO_188,16,Clothing,Stole
B-25834,10/29/2018,CLO_STO_189,16,Clothing,Stole
B-25784,9/15/2018,CLO_HAN_196,15,Clothing,Hankerchief
B-25982,1/29/2018,CLO_LEG_053,13,Clothing,Leggings
B-25788,9/21/2018,CLO_STO_190,12,Clothing,Stole
B-25742,8/3/2018,CLO_SKI_064,11,Clothing,Skirt
B-26088,3/26/2018,CLO_HAN_197,11,Clothing,Hankerchief
B-25707,7/1/2018,CLO_STO_191,8,Clothing,Stole
B-25758,8/22/2018,CLO_STO_192,8,Clothing,Stole
B-26095,3/28/2018,CLO_KUR_047,6,Clothing,Kurti
